event_id;wedstrijd;ronde;speler;team;positie;shots;onTarget;headers;headersOnTarget;outsideBox;outsideBoxOnTarget;tackles;foulsCommitted;foulsDrawn;minuten;gestart;goals;xg;geel;rood
mt_258322938;Switzerland - Colombia;Round of 16;Denis Zakaria;Switzerland;D;0;0;0;0;0;0;1;1;0;87;1;0;0;1;0
mt_258322938;Switzerland - Colombia;Round of 16;Granit Xhaka;Switzerland;M;1;0;0;0;2;1;0;1;3;120;1;0;0.04;1;0
mt_258322938;Switzerland - Colombia;Round of 16;Ardon Jashari;Switzerland;M;0;0;0;0;0;0;1;2;0;45;1;0;0;0;0
mt_258322938;Switzerland - Colombia;Round of 16;Gregor Kobel;Switzerland;G;0;0;0;0;0;0;0;0;2;120;1;0;0;0;0
mt_258322938;Switzerland - Colombia;Round of 16;Ricardo Rodríguez;Switzerland;D;0;0;0;0;0;0;1;0;0;71;1;0;0;0;0
mt_258322938;Switzerland - Colombia;Round of 16;Manuel Akanji;Switzerland;D;0;0;0;0;1;0;1;2;1;120;1;0;0;0;0
mt_258322938;Switzerland - Colombia;Round of 16;Remo Freuler;Switzerland;M;0;0;0;0;0;0;1;1;0;120;1;0;0;0;0
mt_258322938;Switzerland - Colombia;Round of 16;Breel Embolo;Switzerland;F;0;0;0;0;0;0;0;1;0;87;1;0;0;0;0
mt_258322938;Switzerland - Colombia;Round of 16;Dan Ndoye;Switzerland;F;2;1;0;0;2;1;2;2;5;89;1;0;0.05;0;0
mt_258322938;Switzerland - Colombia;Round of 16;Nico Elvedi;Switzerland;D;0;0;0;0;0;0;0;2;3;120;1;0;0;0;0
mt_258322938;Switzerland - Colombia;Round of 16;Fabian Rieder;Switzerland;F;3;1;0;0;3;1;1;1;2;103;1;0;0.1;0;0
mt_258322938;Switzerland - Colombia;Round of 16;Silvan Widmer;Switzerland;D;0;0;0;0;0;0;2;1;0;33;0;0;0;0;0
mt_258322938;Switzerland - Colombia;Round of 16;Miro Muheim;Switzerland;D;0;0;0;0;0;0;1;1;1;49;0;0;0;1;0
mt_258322938;Switzerland - Colombia;Round of 16;Djibril Sow;Switzerland;M;1;0;0;0;1;0;0;0;1;75;0;0;0.18;0;0
mt_258322938;Switzerland - Colombia;Round of 16;Rubén Vargas;Switzerland;M;0;0;0;0;1;1;1;1;2;31;0;0;0;0;0
mt_258322938;Switzerland - Colombia;Round of 16;Zeki Amdouni;Switzerland;F;0;0;0;0;1;1;0;3;0;17;0;0;0;0;0
mt_258322938;Switzerland - Colombia;Round of 16;Cédric Itten;Switzerland;F;0;0;0;0;1;1;0;3;1;33;0;0;0;0;0
mt_583655765;Argentina - Egypt;Round of 16;Julián Alvarez;Argentina;F;2;1;0;0;2;1;1;3;2;89;1;0;0.29;0;0
mt_583655765;Argentina - Egypt;Round of 16;Nahuel Molina;Argentina;D;0;0;0;0;0;0;3;0;0;73;1;0;0;0;0
mt_583655765;Argentina - Egypt;Round of 16;Lionel Messi;Argentina;F;5;2;0;0;5;2;1;0;2;90;1;1;0.96;0;0
mt_583655765;Argentina - Egypt;Round of 16;Alexis Mac Allister;Argentina;M;2;1;2;1;2;1;3;0;1;90;1;0;0.39;0;0
mt_583655765;Argentina - Egypt;Round of 16;Leandro Paredes;Argentina;M;2;0;0;0;2;0;3;0;1;90;1;0;0.03;0;0
mt_583655765;Argentina - Egypt;Round of 16;Lisandro Martínez;Argentina;D;1;0;0;0;1;0;4;2;2;90;1;0;0.02;0;0
mt_583655765;Argentina - Egypt;Round of 16;Nicolás Tagliafico;Argentina;D;0;0;0;0;0;0;0;2;1;66;1;0;0;0;0
mt_583655765;Argentina - Egypt;Round of 16;Cristian Romero;Argentina;D;1;1;1;1;1;1;3;1;0;89;1;1;0.33;0;0
mt_583655765;Argentina - Egypt;Round of 16;Rodrigo De Paul;Argentina;M;1;1;0;0;1;1;1;1;0;66;1;0;0.04;0;0
mt_583655765;Argentina - Egypt;Round of 16;Emiliano Martínez;Argentina;G;0;0;0;0;0;0;0;0;0;90;1;0;0;0;0
mt_583655765;Argentina - Egypt;Round of 16;Enzo Fernández;Argentina;M;2;1;1;1;2;1;1;2;0;90;1;1;0.24;0;0
mt_583655765;Argentina - Egypt;Round of 16;Nicolás Otamendi;Argentina;D;0;0;0;0;0;0;0;0;0;1;0;0;0;0;0
mt_583655765;Argentina - Egypt;Round of 16;Gonzalo Montiel;Argentina;D;0;0;0;0;0;0;0;0;0;17;0;0;0;0;0
mt_583655765;Argentina - Egypt;Round of 16;Facundo Medina;Argentina;D;0;0;0;0;0;0;0;0;0;1;0;0;0;0;0
mt_583655765;Argentina - Egypt;Round of 16;Lautaro Martínez;Argentina;F;3;0;1;0;3;0;0;0;2;24;0;0;0.42;0;0
mt_583655765;Argentina - Egypt;Round of 16;Nicolás González;Argentina;F;0;0;0;0;0;0;0;2;0;24;0;0;0;0;0
mt_974099669;USA - Belgium;Round of 16;Leandro Trossard;Belgium;F;4;0;0;0;4;0;1;0;0;89;1;0;0.16;0;0
mt_974099669;USA - Belgium;Round of 16;Thibaut Courtois;Belgium;G;0;0;0;0;0;0;0;0;0;90;1;0;0;0;0
mt_974099669;USA - Belgium;Round of 16;Dodi Lukebakio;Belgium;F;2;0;1;0;2;0;1;1;1;67;1;0;0.15;0;0
mt_974099669;USA - Belgium;Round of 16;Youri Tielemans;Belgium;M;2;0;0;0;2;0;3;1;1;90;1;0;0.33;0;0
mt_974099669;USA - Belgium;Round of 16;Timothy Castagne;Belgium;D;1;1;0;0;1;1;2;2;1;90;1;0;0.03;0;0
mt_974099669;USA - Belgium;Round of 16;Maxim De Cuyper;Belgium;D;0;0;0;0;0;0;3;0;1;90;1;0;0;0;0
mt_974099669;USA - Belgium;Round of 16;Amadou Onana;Belgium;M;0;0;0;0;0;0;2;0;0;21;1;0;0;0;0
mt_974099669;USA - Belgium;Round of 16;Brandon Mechele;Belgium;D;0;0;0;0;0;0;2;1;0;90;1;0;0;0;0
mt_974099669;USA - Belgium;Round of 16;Nathan Ngoy;Belgium;D;0;0;0;0;0;0;1;1;0;90;1;0;0;0;0
mt_974099669;USA - Belgium;Round of 16;Charles De Ketelaere;Belgium;F;3;3;2;2;3;3;1;0;1;67;1;2;1.15;0;0
mt_974099669;USA - Belgium;Round of 16;Nicolas Raskin;Belgium;M;1;1;0;0;1;1;4;3;1;89;1;0;0.08;0;0
mt_974099669;USA - Belgium;Round of 16;Axel Witsel;Belgium;M;0;0;0;0;0;0;0;0;0;1;0;0;0;0;0
mt_974099669;USA - Belgium;Round of 16;Hans Vanaken;Belgium;M;1;1;0;0;1;1;2;0;2;69;0;1;0.08;0;0
mt_974099669;USA - Belgium;Round of 16;Alexis Saelemaekers;Belgium;F;0;0;0;0;0;0;0;0;0;1;0;0;0;0;0
mt_974099669;USA - Belgium;Round of 16;Jérémy Doku;Belgium;F;0;0;0;0;0;0;0;0;3;23;0;0;0;0;0
mt_974099669;USA - Belgium;Round of 16;Romelu Lukaku;Belgium;F;1;1;0;0;1;1;0;0;0;23;0;1;0.04;0;0
mt_197411346;Portugal - Spain;Round of 16;Pau Cubarsí;Spain;D;0;0;0;0;0;0;0;1;0;90;1;0;0;0;0
mt_197411346;Portugal - Spain;Round of 16;Pedri;Spain;M;1;0;0;0;1;0;1;1;0;85;1;0;0.06;0;0
mt_197411346;Portugal - Spain;Round of 16;Alex Baena;Spain;F;3;2;0;0;3;2;3;1;1;75;1;0;0.16;0;0
mt_197411346;Portugal - Spain;Round of 16;Mikel Oyarzabal;Spain;F;2;1;0;0;2;1;0;0;0;89;1;0;0.63;0;0
mt_197411346;Portugal - Spain;Round of 16;Dani Olmo;Spain;M;2;0;1;0;2;0;1;1;1;85;1;0;0.09;0;0
mt_197411346;Portugal - Spain;Round of 16;Pedro Porro;Spain;D;1;0;0;0;1;0;4;1;2;90;1;0;0.01;0;0
mt_197411346;Portugal - Spain;Round of 16;Rodri;Spain;M;1;0;0;0;1;0;4;1;0;90;1;0;0.02;0;0
mt_197411346;Portugal - Spain;Round of 16;Unai Simón;Spain;G;0;0;0;0;0;0;0;0;0;90;1;0;0;0;0
mt_197411346;Portugal - Spain;Round of 16;Aymeric Laporte;Spain;D;0;0;0;0;0;0;0;1;0;90;1;0;0;0;0
mt_197411346;Portugal - Spain;Round of 16;Marc Cucurella;Spain;D;0;0;0;0;0;0;0;0;0;90;1;0;0;0;0
mt_197411346;Portugal - Spain;Round of 16;Lamine Yamal;Spain;F;3;2;0;0;3;2;5;5;2;90;1;0;0.11;0;0
mt_197411346;Portugal - Spain;Round of 16;Mikel Merino;Spain;M;1;1;0;0;1;1;0;0;2;14;0;1;0.53;0;0
mt_197411346;Portugal - Spain;Round of 16;Fabián Ruiz;Spain;M;0;0;0;0;0;0;0;0;0;14;0;0;0;0;0
mt_197411346;Portugal - Spain;Round of 16;Borja Iglesias;Spain;F;0;0;0;0;0;0;0;0;0;1;0;0;0;0;0
mt_197411346;Portugal - Spain;Round of 16;Ferran Torres;Spain;F;1;0;0;0;1;0;0;1;0;15;0;0;0.01;1;0
mt_362533068;Mexico - England;Round of 16;John Stones;England;D;0;0;0;0;0;0;0;0;0;33;1;0;0;0;0
mt_362533068;Mexico - England;Round of 16;Dan Burn;England;D;0;0;0;0;0;0;0;0;0;15;1;0;0;0;0
mt_362533068;Mexico - England;Round of 16;Djed Spence;England;D;0;0;0;0;0;0;0;0;0;16;1;0;0;0;0
mt_362533068;Mexico - England;Round of 16;Morgan Rogers;England;M;0;0;0;0;0;0;0;0;0;13;1;0;0;0;0
mt_362533068;Mexico - England;Round of 16;Anthony Gordon;England;F;1;1;0;0;1;1;3;0;4;90;1;0;0.04;0;0
mt_362533068;Mexico - England;Round of 16;Jarell Quansah;England;D;0;0;0;0;0;0;2;1;0;54;1;0;0;0;0
mt_362533068;Mexico - England;Round of 16;Declan Rice;England;M;0;0;0;0;0;0;0;1;0;90;1;0;0;0;0
mt_362533068;Mexico - England;Round of 16;Bukayo Saka;England;F;0;0;0;0;0;0;3;2;1;57;1;0;0;0;0
mt_362533068;Mexico - England;Round of 16;Jude Bellingham;England;M;3;3;1;1;3;3;3;1;2;90;1;2;0.7;0;0
mt_362533068;Mexico - England;Round of 16;Elliot Anderson;England;M;0;0;0;0;0;0;5;0;0;75;1;0;0;0;0
mt_362533068;Mexico - England;Round of 16;Jordan Pickford;England;G;0;0;0;0;0;0;0;0;0;90;1;0;0;0;0
mt_362533068;Mexico - England;Round of 16;Marc Guéhi;England;D;0;0;0;0;0;0;0;0;1;90;1;0;0;0;0
mt_362533068;Mexico - England;Round of 16;Harry Kane;England;F;1;1;0;0;1;1;1;2;1;89;1;1;0.75;0;0
mt_362533068;Mexico - England;Round of 16;Ezri Konsa;England;D;0;0;0;0;0;0;0;0;3;90;1;0;0;0;0
mt_362533068;Mexico - England;Round of 16;Nico O'Reilly;England;D;1;0;0;0;1;0;1;0;1;74;1;0;0.05;0;0
mt_625866124;Brazil - Norway;Round of 16;Martin Ødegaard;Norway;M;3;1;0;0;3;1;0;0;1;90;1;0;0.46;0;0
mt_625866124;Brazil - Norway;Round of 16;Ørjan Nyland;Norway;G;0;0;0;0;0;0;0;0;0;90;1;0;0;0;0
mt_625866124;Brazil - Norway;Round of 16;Alexander Sørloth;Norway;F;0;0;0;0;0;0;0;0;0;45;1;0;0;0;0
mt_625866124;Brazil - Norway;Round of 16;Torbjørn Heggem;Norway;D;0;0;0;0;0;0;2;1;0;90;1;0;0;0;0
mt_625866124;Brazil - Norway;Round of 16;Julian Ryerson;Norway;D;0;0;0;0;0;0;2;2;0;63;1;0;0;0;0
mt_625866124;Brazil - Norway;Round of 16;David Møller Wolfe;Norway;D;0;0;0;0;0;0;2;0;1;89;1;0;0;0;0
mt_625866124;Brazil - Norway;Round of 16;Antonio Nusa;Norway;F;0;0;0;0;0;0;0;0;1;45;1;0;0;0;0
mt_625866124;Brazil - Norway;Round of 16;Sander Berge;Norway;M;0;0;0;0;0;0;0;0;1;90;1;0;0;0;0
mt_625866124;Brazil - Norway;Round of 16;Patrick Berg;Norway;M;1;0;0;0;1;0;3;0;1;90;1;0;0.04;0;0
mt_625866124;Brazil - Norway;Round of 16;Erling Haaland;Norway;F;4;3;1;1;4;3;0;1;0;90;1;2;0.44;0;0
mt_625866124;Brazil - Norway;Round of 16;Kristoffer Ajer;Norway;D;0;0;0;0;0;0;1;1;0;90;1;0;0;0;0
mt_625866124;Brazil - Norway;Round of 16;Leo Østigård;Norway;D;0;0;0;0;0;0;0;1;0;1;0;0;0;0;0
mt_625866124;Brazil - Norway;Round of 16;Oscar Bobb;Norway;M;0;0;0;0;0;0;1;0;1;45;0;0;0;0;0
mt_625866124;Brazil - Norway;Round of 16;Fredrik Aursnes;Norway;M;0;0;0;0;0;0;2;0;0;27;0;0;0;0;0
mt_625866124;Brazil - Norway;Round of 16;Andreas Schjelderup;Norway;F;1;1;0;0;1;1;1;0;0;45;0;0;0.07;0;0
mt_197411398;Paraguay - France;Round of 16;Michael Olise;France;M;0;0;0;0;0;0;1;2;3;90;1;0;0;1;0
mt_197411398;Paraguay - France;Round of 16;Adrien Rabiot;France;M;3;0;0;0;3;0;0;0;1;90;1;0;0.09;0;0
mt_197411398;Paraguay - France;Round of 16;Manu Koné;France;M;3;1;0;0;3;1;1;2;2;90;1;0;0.06;1;0
mt_197411398;Paraguay - France;Round of 16;William Saliba;France;D;0;0;0;0;0;0;0;1;0;90;1;0;0;0;0
mt_197411398;Paraguay - France;Round of 16;Bradley Barcola;France;F;1;0;0;0;1;0;1;2;0;61;1;0;0.04;1;0
mt_197411398;Paraguay - France;Round of 16;Dayot Upamecano;France;D;0;0;0;0;0;0;4;1;2;90;1;0;0;0;0
mt_197411398;Paraguay - France;Round of 16;Jules Koundé;France;D;0;0;0;0;0;0;2;0;1;90;1;0;0;0;0
mt_197411398;Paraguay - France;Round of 16;Mike Maignan;France;G;0;0;0;0;0;0;0;0;1;90;1;0;0;0;0
mt_197411398;Paraguay - France;Round of 16;Lucas Digne;France;D;0;0;0;0;0;0;3;1;0;90;1;0;0;0;0
mt_197411398;Paraguay - France;Round of 16;Kylian Mbappé;France;F;5;4;0;0;5;4;0;1;2;90;1;1;1.13;0;0
mt_197411398;Paraguay - France;Round of 16;Ousmane Dembélé;France;F;2;0;0;0;2;0;0;0;0;84;1;0;0.06;0;0
mt_197411398;Paraguay - France;Round of 16;Rayan Cherki;France;M;0;0;0;0;0;0;0;0;0;17;0;0;0;0;0
mt_197411398;Paraguay - France;Round of 16;Désiré Doué;France;F;1;0;0;0;1;0;1;1;1;29;0;0;0.03;0;0
mt_740177240;Canada - Morocco;Round of 16;Neil El Aynaoui;Morocco;M;0;0;0;0;0;0;0;0;0;90;1;0;0;0;0
mt_740177240;Canada - Morocco;Round of 16;Ayyoub Bouaddi;Morocco;M;0;0;0;0;0;0;1;0;2;63;1;0;0;0;0
mt_740177240;Canada - Morocco;Round of 16;Noussair Mazraoui;Morocco;D;0;0;0;0;0;0;3;0;4;90;1;0;0;0;0
mt_740177240;Canada - Morocco;Round of 16;Achraf Hakimi;Morocco;D;0;0;0;0;0;0;2;2;2;90;1;0;0;1;0
mt_740177240;Canada - Morocco;Round of 16;Issa Diop;Morocco;D;0;0;0;0;0;0;0;0;1;87;1;0;0;0;0
mt_740177240;Canada - Morocco;Round of 16;Brahim Díaz;Morocco;F;0;0;0;0;0;0;1;2;1;90;1;0;0;0;0
mt_740177240;Canada - Morocco;Round of 16;Ismael Saibari;Morocco;F;0;0;0;0;0;0;0;0;0;22;1;0;0;0;0
mt_740177240;Canada - Morocco;Round of 16;Azzedine Ounahi;Morocco;M;2;2;0;0;2;2;0;1;4;87;1;2;0.23;1;0
mt_740177240;Canada - Morocco;Round of 16;Yassine Bounou;Morocco;G;0;0;0;0;0;0;0;0;2;90;1;0;0;0;0
mt_740177240;Canada - Morocco;Round of 16;Bilal El Khannouss;Morocco;F;0;0;0;0;0;0;2;2;1;63;1;0;0;1;0
mt_740177240;Canada - Morocco;Round of 16;Redouane Halhal;Morocco;D;0;0;0;0;0;0;0;2;2;90;1;0;0;1;0
mt_740177240;Canada - Morocco;Round of 16;Marwane Saadane;Morocco;D;0;0;0;0;0;0;0;0;1;13;0;0;0;0;0
mt_740177240;Canada - Morocco;Round of 16;Samir El Mourabet;Morocco;M;0;0;0;0;0;0;0;0;0;13;0;0;0;0;0
mt_740177240;Canada - Morocco;Round of 16;Sofyan Amrabat;Morocco;M;0;0;0;0;0;0;0;3;1;27;0;0;0;0;0
mt_740177240;Canada - Morocco;Round of 16;Chemsdine Talbi;Morocco;F;0;0;0;0;0;0;2;0;0;27;0;0;0;0;0
mt_740177240;Canada - Morocco;Round of 16;Soufiane Rahimi;Morocco;F;3;2;1;0;3;2;2;2;2;68;0;1;0.55;0;0
mt_740177225;Argentina - Cape Verde;Round of 32;Lionel Messi;Argentina;F;9;6;0;0;9;6;1;1;5;120;1;1;1.28;0;0
mt_740177225;Argentina - Cape Verde;Round of 32;Thiago Almada;Argentina;M;0;0;0;0;0;0;0;1;1;64;1;0;0;0;0
mt_740177225;Argentina - Cape Verde;Round of 32;Rodrigo De Paul;Argentina;M;0;0;0;0;0;0;1;1;0;84;1;0;0;0;0
mt_740177225;Argentina - Cape Verde;Round of 32;Enzo Fernández;Argentina;M;4;2;1;1;4;2;1;1;2;120;1;0;0.25;0;0
mt_740177225;Argentina - Cape Verde;Round of 32;Lisandro Martínez;Argentina;D;1;1;0;0;1;1;0;0;0;120;1;1;0.05;0;0
mt_740177225;Argentina - Cape Verde;Round of 32;Emiliano Martínez;Argentina;G;0;0;0;0;0;0;0;0;0;120;1;0;0;0;0
mt_740177225;Argentina - Cape Verde;Round of 32;Nahuel Molina;Argentina;D;0;0;0;0;0;0;3;1;0;104;1;0;0;0;0
mt_740177225;Argentina - Cape Verde;Round of 32;Facundo Medina;Argentina;D;0;0;0;0;0;0;3;0;0;86;1;0;0;0;0
mt_740177225;Argentina - Cape Verde;Round of 32;Lautaro Martínez;Argentina;F;0;0;0;0;0;0;0;2;0;63;1;0;0;0;0
mt_740177225;Argentina - Cape Verde;Round of 32;Alexis Mac Allister;Argentina;M;2;0;1;0;2;0;4;1;1;120;1;0;0.12;0;0
mt_740177225;Argentina - Cape Verde;Round of 32;Cristian Romero;Argentina;D;1;0;1;0;1;0;2;2;1;120;1;0;0.12;0;0
mt_740177225;Argentina - Cape Verde;Round of 32;Gonzalo Montiel;Argentina;D;1;0;0;0;1;0;0;1;0;16;0;0;0.08;1;0
mt_740177225;Argentina - Cape Verde;Round of 32;Nicolás Tagliafico;Argentina;D;0;0;0;0;0;0;3;0;2;34;0;0;0;0;0
mt_740177225;Argentina - Cape Verde;Round of 32;Leandro Paredes;Argentina;M;1;1;0;0;1;1;1;0;0;36;0;0;0.02;0;0
mt_740177225;Argentina - Cape Verde;Round of 32;Julián Alvarez;Argentina;F;1;0;0;0;1;0;0;1;0;57;0;0;0.05;0;0
mt_740177225;Argentina - Cape Verde;Round of 32;Nicolás González;Argentina;F;2;0;2;0;2;0;3;1;0;56;0;0;0.22;0;0
mt_740177236;Switzerland - Algeria;Round of 32;Remo Freuler;Switzerland;M;1;1;0;0;1;1;1;2;0;90;1;0;0.04;0;0
mt_740177236;Switzerland - Algeria;Round of 32;Johan Manzambi;Switzerland;M;0;0;0;0;0;0;0;1;2;71;1;0;0;0;0
mt_740177236;Switzerland - Algeria;Round of 32;Dan Ndoye;Switzerland;F;1;1;0;0;1;1;3;1;3;87;1;1;0.09;0;0
mt_740177236;Switzerland - Algeria;Round of 32;Manuel Akanji;Switzerland;D;0;0;0;0;0;0;1;0;0;90;1;0;0;0;0
mt_740177236;Switzerland - Algeria;Round of 32;Nico Elvedi;Switzerland;D;1;0;1;0;1;0;2;0;0;90;1;0;0.09;0;0
mt_740177236;Switzerland - Algeria;Round of 32;Breel Embolo;Switzerland;F;2;1;0;0;2;1;0;0;0;83;1;1;0.96;0;0
mt_740177236;Switzerland - Algeria;Round of 32;Rubén Vargas;Switzerland;F;0;0;0;0;0;0;1;1;0;71;1;0;0;0;0
mt_740177236;Switzerland - Algeria;Round of 32;Denis Zakaria;Switzerland;D;2;1;1;0;2;1;3;0;0;87;1;0;0.36;0;0
mt_740177236;Switzerland - Algeria;Round of 32;Gregor Kobel;Switzerland;G;0;0;0;0;0;0;0;0;0;90;1;0;0;0;0
mt_740177236;Switzerland - Algeria;Round of 32;Granit Xhaka;Switzerland;M;0;0;0;0;0;0;2;0;5;90;1;0;0;0;0
mt_740177236;Switzerland - Algeria;Round of 32;Ricardo Rodríguez;Switzerland;D;1;0;0;0;1;0;2;3;0;90;1;0;0.01;0;0
mt_740177236;Switzerland - Algeria;Round of 32;Silvan Widmer;Switzerland;D;0;0;0;0;0;0;1;0;0;10;0;0;0;0;0
mt_740177236;Switzerland - Algeria;Round of 32;Michel Aebischer;Switzerland;M;0;0;0;0;0;0;0;0;0;10;0;0;0;0;0
mt_740177236;Switzerland - Algeria;Round of 32;Fabian Rieder;Switzerland;M;2;1;0;0;2;1;1;1;0;19;0;0;0.72;0;0
mt_740177236;Switzerland - Algeria;Round of 32;Noah Okafor;Switzerland;F;1;0;0;0;1;0;2;0;0;19;0;0;0.07;0;0
mt_740177236;Switzerland - Algeria;Round of 32;Zeki Amdouni;Switzerland;F;0;0;0;0;0;0;1;1;2;14;0;0;0;0;0
mt_019700818;Spain - Austria;Round of 32;Dani Olmo;Spain;M;3;0;0;0;3;0;4;1;1;71;1;0;0.16;0;0
mt_019700818;Spain - Austria;Round of 32;Alex Baena;Spain;F;2;1;0;0;2;1;0;0;2;71;1;0;0.05;0;0
mt_019700818;Spain - Austria;Round of 32;Pau Cubarsí;Spain;D;0;0;0;0;0;0;2;1;0;90;1;0;0;0;0
mt_019700818;Spain - Austria;Round of 32;Mikel Oyarzabal;Spain;F;6;4;1;0;6;4;1;1;2;90;1;2;1.03;0;0
mt_019700818;Spain - Austria;Round of 32;Pedro Porro;Spain;D;1;1;1;1;1;1;1;1;2;90;1;1;0.51;0;0
mt_019700818;Spain - Austria;Round of 32;Rodri;Spain;M;1;0;0;0;1;0;5;0;1;90;1;0;0.02;0;0
mt_019700818;Spain - Austria;Round of 32;Lamine Yamal;Spain;F;6;4;0;0;6;4;0;1;0;85;1;0;0.74;0;0
mt_019700818;Spain - Austria;Round of 32;Unai Simón;Spain;G;0;0;0;0;0;0;0;0;1;90;1;0;0;0;0
mt_019700818;Spain - Austria;Round of 32;Aymeric Laporte;Spain;D;2;0;1;0;2;0;3;0;1;89;1;0;0.18;0;0
mt_019700818;Spain - Austria;Round of 32;Marc Cucurella;Spain;D;0;0;0;0;0;0;0;2;2;90;1;0;0;0;0
mt_019700818;Spain - Austria;Round of 32;Pedri;Spain;M;0;0;0;0;0;0;3;0;1;89;1;0;0;0;0
mt_019700818;Spain - Austria;Round of 32;Marc Pubill;Spain;D;0;0;0;0;0;0;0;0;0;1;0;0;0;0;0
mt_019700818;Spain - Austria;Round of 32;Mikel Merino;Spain;M;0;0;0;0;0;0;0;1;1;19;0;0;0;0;0
mt_019700818;Spain - Austria;Round of 32;Fabián Ruiz;Spain;M;0;0;0;0;0;0;0;0;0;1;0;0;0;0;0
mt_019700818;Spain - Austria;Round of 32;Pablo Gavi;Spain;M;0;0;0;0;0;0;0;0;1;11;0;0;0;0;0
mt_019700818;Spain - Austria;Round of 32;Ferran Torres;Spain;F;2;0;1;0;2;0;0;0;0;19;0;0;0.05;0;0
mt_583655717;Belgium - Senegal;Round of 32;Brandon Mechele;Belgium;D;1;0;1;0;1;0;0;2;0;120;1;0;0.06;1;0
mt_583655717;Belgium - Senegal;Round of 32;Arthur Theate;Belgium;D;1;0;0;0;1;0;0;1;0;120;1;0;0.02;0;0
mt_583655717;Belgium - Senegal;Round of 32;Hans Vanaken;Belgium;M;0;0;0;0;0;0;1;0;2;63;1;0;0;0;0
mt_583655717;Belgium - Senegal;Round of 32;Jérémy Doku;Belgium;F;0;0;0;0;0;0;0;0;4;56;1;0;0;0;0
mt_583655717;Belgium - Senegal;Round of 32;Timothy Castagne;Belgium;D;1;0;1;0;1;0;5;4;0;120;1;0;0.06;0;0
mt_583655717;Belgium - Senegal;Round of 32;Kevin De Bruyne;Belgium;M;2;0;0;0;2;0;0;0;0;56;1;0;0.05;0;0
mt_583655717;Belgium - Senegal;Round of 32;Thibaut Courtois;Belgium;G;0;0;0;0;0;0;0;0;0;120;1;0;0;0;0
mt_583655717;Belgium - Senegal;Round of 32;Leandro Trossard;Belgium;F;2;1;0;0;2;1;0;1;3;109;1;0;0.09;0;0
mt_583655717;Belgium - Senegal;Round of 32;Youri Tielemans;Belgium;M;4;2;1;1;4;2;1;4;2;120;1;2;0.94;0;0
mt_583655717;Belgium - Senegal;Round of 32;Charles De Ketelaere;Belgium;F;0;0;0;0;0;0;1;0;0;45;1;0;0;0;0
mt_583655717;Belgium - Senegal;Round of 32;Maxim De Cuyper;Belgium;D;2;1;0;0;2;1;1;2;0;78;1;0;0.05;0;0
mt_583655717;Belgium - Senegal;Round of 32;Thomas Meunier;Belgium;D;1;0;0;0;1;0;0;3;0;42;0;0;0.02;0;0
mt_583655717;Belgium - Senegal;Round of 32;Nicolas Raskin;Belgium;M;1;0;1;0;1;0;1;3;0;64;0;0;0.05;0;0
mt_583655717;Belgium - Senegal;Round of 32;Amadou Onana;Belgium;M;0;0;0;0;0;0;1;0;0;11;0;0;0;0;0
mt_583655717;Belgium - Senegal;Round of 32;Dodi Lukebakio;Belgium;F;3;0;0;0;3;0;0;0;0;64;0;0;0.18;0;0
mt_583655717;Belgium - Senegal;Round of 32;Diego Moreira;Belgium;F;0;0;0;0;0;0;1;2;1;57;0;0;0;0;0
mt_583655717;Belgium - Senegal;Round of 32;Romelu Lukaku;Belgium;F;1;1;0;0;1;1;0;0;0;75;0;1;0.15;0;0
mt_197411351;England - DR Congo;Round of 32;Jordan Pickford;England;G;0;0;0;0;0;0;0;0;0;90;1;0;0;0;0
mt_197411351;England - DR Congo;Round of 32;Nico O'Reilly;England;D;1;0;0;0;1;0;0;3;1;90;1;0;0.42;0;0
mt_197411351;England - DR Congo;Round of 32;Declan Rice;England;M;0;0;0;0;0;0;0;0;0;89;1;0;0;0;0
mt_197411351;England - DR Congo;Round of 32;Harry Kane;England;F;5;3;1;1;5;3;0;0;2;90;1;2;0.52;0;0
mt_197411351;England - DR Congo;Round of 32;Jude Bellingham;England;M;3;3;2;2;3;3;0;2;1;90;1;0;0.63;1;0
mt_197411351;England - DR Congo;Round of 32;Elliot Anderson;England;M;1;0;0;0;1;0;2;0;1;90;1;0;0.04;0;0
mt_197411351;England - DR Congo;Round of 32;Marcus Rashford;England;F;3;1;1;0;3;1;1;2;1;61;1;0;0.4;0;0
mt_197411351;England - DR Congo;Round of 32;Djed Spence;England;D;0;0;0;0;0;0;4;0;2;70;1;0;0;0;0
mt_197411351;England - DR Congo;Round of 32;Ezri Konsa;England;D;0;0;0;0;0;0;0;1;1;90;1;0;0;0;0
mt_197411351;England - DR Congo;Round of 32;Marc Guéhi;England;D;0;0;0;0;0;0;0;0;1;90;1;0;0;0;0
mt_197411351;England - DR Congo;Round of 32;Noni Madueke;England;F;2;0;0;0;2;0;2;1;1;61;1;0;0.03;0;0
mt_197411351;England - DR Congo;Round of 32;John Stones;England;D;0;0;0;0;0;0;0;0;0;1;0;0;0;0;0
mt_197411351;England - DR Congo;Round of 32;Eberechi Eze;England;M;0;0;0;0;0;0;0;0;1;20;0;0;0;0;0
mt_197411351;England - DR Congo;Round of 32;Anthony Gordon;England;F;1;0;1;0;1;0;0;1;0;29;0;0;0.03;0;0
mt_197411351;England - DR Congo;Round of 32;Bukayo Saka;England;F;0;0;0;0;0;0;2;0;0;29;0;0;0;0;0
mt_401944555;France - Sweden;Round of 32;Jules Koundé;France;D;1;0;0;0;1;0;2;0;1;75;1;0;0.04;0;0
mt_401944555;France - Sweden;Round of 32;Ousmane Dembélé;France;F;2;0;0;0;2;0;1;0;1;75;1;0;0.24;0;0
mt_401944555;France - Sweden;Round of 32;Dayot Upamecano;France;D;2;0;1;0;2;0;0;1;0;90;1;0;0.12;0;0
mt_401944555;France - Sweden;Round of 32;Kylian Mbappé;France;F;5;4;0;0;5;4;0;1;1;85;1;2;0.57;0;0
mt_401944555;France - Sweden;Round of 32;Adrien Rabiot;France;M;2;1;0;0;2;1;1;4;1;90;1;0;0.06;0;0
mt_401944555;France - Sweden;Round of 32;Bradley Barcola;France;F;3;2;0;0;3;2;1;0;0;90;1;1;0.96;0;0
mt_401944555;France - Sweden;Round of 32;Michael Olise;France;M;6;3;0;0;6;3;1;1;1;85;1;0;0.83;0;0
mt_401944555;France - Sweden;Round of 32;Mike Maignan;France;G;0;0;0;0;0;0;0;0;0;90;1;0;0;0;0
mt_401944555;France - Sweden;Round of 32;Aurélien Tchouaméni;France;M;1;0;0;0;1;0;3;1;2;90;1;0;0.02;0;0
mt_401944555;France - Sweden;Round of 32;William Saliba;France;D;0;0;0;0;0;0;1;2;0;90;1;0;0;0;0
mt_401944555;France - Sweden;Round of 32;Lucas Digne;France;D;1;1;0;0;1;1;1;1;1;78;1;0;0.01;0;0
mt_401944555;France - Sweden;Round of 32;Malo Gusto;France;D;0;0;0;0;0;0;1;1;0;15;0;0;0;0;0
mt_401944555;France - Sweden;Round of 32;Theo Hernández;France;D;0;0;0;0;0;0;0;0;0;12;0;0;0;0;0
mt_401944555;France - Sweden;Round of 32;Rayan Cherki;France;M;0;0;0;0;0;0;0;1;0;9;0;0;0;0;0
mt_401944555;France - Sweden;Round of 32;Désiré Doué;France;F;1;1;0;0;1;1;1;0;1;15;0;0;0.04;0;0
mt_401944555;France - Sweden;Round of 32;Jean-Philippe Mateta;France;F;1;0;0;0;1;0;0;1;0;9;0;0;0.25;0;0
mt_740177219;Côte d'Ivoire - Norway;Round of 32;Sander Berge;Norway;M;0;0;0;0;0;0;4;0;0;90;1;0;0;0;0
mt_740177219;Côte d'Ivoire - Norway;Round of 32;Martin Ødegaard;Norway;M;1;0;0;0;1;0;3;2;1;90;1;0;0.03;0;0
mt_740177219;Côte d'Ivoire - Norway;Round of 32;Kristoffer Ajer;Norway;D;0;0;0;0;0;0;3;0;0;90;1;0;0;0;0
mt_740177219;Côte d'Ivoire - Norway;Round of 32;Alexander Sørloth;Norway;F;1;0;1;0;1;0;1;1;0;71;1;0;0.22;0;0
mt_740177219;Côte d'Ivoire - Norway;Round of 32;Erling Haaland;Norway;F;4;2;2;1;4;2;0;0;0;90;1;1;1.13;0;0
mt_740177219;Côte d'Ivoire - Norway;Round of 32;Marcus Pedersen;Norway;D;0;0;0;0;0;0;0;1;0;83;1;0;0;0;0
mt_740177219;Côte d'Ivoire - Norway;Round of 32;David Møller Wolfe;Norway;D;0;0;0;0;0;0;1;2;0;90;1;0;0;0;0
mt_740177219;Côte d'Ivoire - Norway;Round of 32;Antonio Nusa;Norway;F;1;1;0;0;1;1;2;1;1;71;1;1;0.02;1;0
mt_740177219;Côte d'Ivoire - Norway;Round of 32;Ørjan Nyland;Norway;G;0;0;0;0;0;0;0;0;0;90;1;0;0;0;0
mt_740177219;Côte d'Ivoire - Norway;Round of 32;Torbjørn Heggem;Norway;D;1;1;0;0;1;1;1;0;0;90;1;0;0.37;0;0
mt_740177219;Côte d'Ivoire - Norway;Round of 32;Patrick Berg;Norway;M;0;0;0;0;0;0;3;0;0;90;1;0;0;0;0
mt_740177219;Côte d'Ivoire - Norway;Round of 32;Fredrik Aursnes;Norway;M;0;0;0;0;0;0;0;0;1;15;0;0;0;0;0
mt_740177219;Côte d'Ivoire - Norway;Round of 32;Oscar Bobb;Norway;M;0;0;0;0;0;0;1;0;0;19;0;0;0;0;0
mt_740177219;Côte d'Ivoire - Norway;Round of 32;Andreas Schjelderup;Norway;F;1;0;0;0;1;0;0;0;1;19;0;0;0.07;0;0
mt_836288445;Netherlands - Morocco;Round of 32;Ismael Saibari;Morocco;F;0;0;0;0;1;1;0;5;1;120;1;0;0;0;0
mt_836288445;Netherlands - Morocco;Round of 32;Noussair Mazraoui;Morocco;D;0;0;0;0;0;0;5;0;0;120;1;0;0;0;0
mt_836288445;Netherlands - Morocco;Round of 32;Bilal El Khannouss;Morocco;F;1;1;0;0;1;1;1;0;1;87;1;0;0.02;0;0
mt_836288445;Netherlands - Morocco;Round of 32;Brahim Díaz;Morocco;F;0;0;0;0;0;0;2;0;0;79;1;0;0;0;0
mt_836288445;Netherlands - Morocco;Round of 32;Chadi Riad;Morocco;D;0;0;0;0;0;0;0;0;1;75;1;0;0;0;0
mt_836288445;Netherlands - Morocco;Round of 32;Achraf Hakimi;Morocco;D;3;1;0;0;4;1;1;0;2;120;1;0;0.22;0;0
mt_836288445;Netherlands - Morocco;Round of 32;Neil El Aynaoui;Morocco;M;1;1;1;1;2;1;4;5;1;120;1;0;0.08;0;0
mt_836288445;Netherlands - Morocco;Round of 32;Issa Diop;Morocco;D;1;1;1;1;1;1;0;2;0;120;1;1;0.17;1;0
mt_836288445;Netherlands - Morocco;Round of 32;Azzedine Ounahi;Morocco;M;1;0;0;0;1;0;0;1;1;86;1;0;0.03;0;0
mt_836288445;Netherlands - Morocco;Round of 32;Ayyoub Bouaddi;Morocco;M;2;0;0;0;2;0;2;0;2;79;1;0;0.06;0;0
mt_836288445;Netherlands - Morocco;Round of 32;Yassine Bounou;Morocco;G;0;0;0;0;0;0;0;0;1;120;1;0;0;0;0
mt_836288445;Netherlands - Morocco;Round of 32;Anass Salah-Eddine;Morocco;D;1;0;0;0;1;0;2;2;1;45;0;0;0.02;0;0
mt_836288445;Netherlands - Morocco;Round of 32;Samir El Mourabet;Morocco;M;0;0;0;0;0;0;0;0;0;41;0;0;0;0;0
mt_836288445;Netherlands - Morocco;Round of 32;Gessime Yassine;Morocco;F;0;0;0;0;0;0;2;0;1;41;0;0;0;0;0
mt_836288445;Netherlands - Morocco;Round of 32;Chemsdine Talbi;Morocco;F;0;0;0;0;1;1;0;0;1;33;0;0;0;0;0
mt_836288445;Netherlands - Morocco;Round of 32;Soufiane Rahimi;Morocco;F;1;1;0;0;2;2;0;0;2;34;0;0;0.72;0;0
mt_028389140;Jordan - Argentina;Groep J;Lautaro Martínez;Argentina;F;3;1;0;0;3;1;0;1;0;60;1;1;1.31;0;0
mt_028389140;Jordan - Argentina;Groep J;Nicolás Otamendi;Argentina;D;1;0;1;0;1;0;1;1;0;90;1;0;0.04;0;0
mt_028389140;Jordan - Argentina;Groep J;Giovani Lo Celso;Argentina;M;1;1;0;0;1;1;1;1;1;60;1;1;0.1;0;0
mt_028389140;Jordan - Argentina;Groep J;Leandro Paredes;Argentina;M;0;0;0;0;0;0;0;0;0;90;1;0;0;0;0
mt_028389140;Jordan - Argentina;Groep J;Giuliano Simeone;Argentina;M;0;0;0;0;0;0;2;1;0;71;1;0;0;0;0
mt_028389140;Jordan - Argentina;Groep J;Nico Paz;Argentina;M;1;0;0;0;1;0;1;1;1;61;1;0;0.05;0;0
mt_028389140;Jordan - Argentina;Groep J;Marcos Senesi;Argentina;D;1;0;0;0;1;0;0;0;2;90;1;0;0.27;0;0
mt_028389140;Jordan - Argentina;Groep J;Exequiel Palacios;Argentina;D;0;0;0;0;0;0;4;1;1;90;1;0;0;0;0
mt_028389140;Jordan - Argentina;Groep J;Nicolás Tagliafico;Argentina;D;0;0;0;0;0;0;0;1;2;90;1;0;0;0;0
mt_028389140;Jordan - Argentina;Groep J;Julián Alvarez;Argentina;F;1;1;0;0;1;1;0;0;0;82;1;0;0.09;0;0
mt_028389140;Jordan - Argentina;Groep J;Emiliano Martínez;Argentina;G;0;0;0;0;0;0;0;0;0;90;1;0;0;0;0
mt_028389140;Jordan - Argentina;Groep J;Valentín Barco;Argentina;M;0;0;0;0;0;0;1;0;1;19;0;0;0;0;0
mt_028389140;Jordan - Argentina;Groep J;Alexis Mac Allister;Argentina;M;0;0;0;0;0;0;3;0;3;29;0;0;0;0;0
mt_028389140;Jordan - Argentina;Groep J;Thiago Almada;Argentina;M;1;0;0;0;1;0;0;0;0;30;0;0;0.05;0;0
mt_028389140;Jordan - Argentina;Groep J;Lionel Messi;Argentina;F;2;1;0;0;2;1;0;0;1;30;0;1;0.12;0;0
mt_028389140;Jordan - Argentina;Groep J;José Manuel López;Argentina;F;1;0;0;0;1;0;1;0;0;8;0;0;0.02;0;0
mt_641915103;Panama - England;Groep L;Marc Guéhi;England;D;0;0;0;0;0;0;0;0;2;90;1;0;0;0;0
mt_641915103;Panama - England;Groep L;Marcus Rashford;England;M;5;1;1;0;5;1;1;1;0;90;1;0;0.25;0;0
mt_641915103;Panama - England;Groep L;Harry Kane;England;F;3;2;1;1;3;2;0;2;1;84;1;1;0.57;0;0
mt_641915103;Panama - England;Groep L;Nico O'Reilly;England;D;1;0;1;0;1;0;3;2;0;90;1;0;0.18;0;0
mt_641915103;Panama - England;Groep L;Elliot Anderson;England;M;1;1;0;0;1;1;2;1;3;84;1;0;0.03;0;0
mt_641915103;Panama - England;Groep L;Morgan Rogers;England;M;0;0;0;0;0;0;2;2;1;90;1;0;0;0;0
mt_641915103;Panama - England;Groep L;Bukayo Saka;England;M;3;0;0;0;3;0;2;1;1;63;1;0;0.12;0;0
mt_641915103;Panama - England;Groep L;Jarell Quansah;England;D;0;0;0;0;0;0;0;0;0;63;1;0;0;1;0
mt_641915103;Panama - England;Groep L;Ezri Konsa;England;D;0;0;0;0;0;0;1;3;3;90;1;0;0;0;0
mt_641915103;Panama - England;Groep L;Jordan Pickford;England;G;0;0;0;0;0;0;0;0;0;90;1;0;0;0;0
mt_641915103;Panama - England;Groep L;Jude Bellingham;England;M;2;1;0;0;1;1;4;0;4;71;1;1;0.11;0;0
mt_641915103;Panama - England;Groep L;Djed Spence;England;D;0;0;0;0;0;0;1;1;0;27;0;0;0;0;0
mt_641915103;Panama - England;Groep L;Jordan Henderson;England;M;0;0;0;0;0;0;1;0;1;12;0;0;0;0;0
mt_641915103;Panama - England;Groep L;Eberechi Eze;England;M;1;0;0;0;1;0;0;0;0;19;0;0;0.03;0;0
mt_641915103;Panama - England;Groep L;Ollie Watkins;England;F;0;0;0;0;0;0;0;0;0;12;0;0;0;0;0
mt_641915103;Panama - England;Groep L;Noni Madueke;England;F;1;1;0;0;1;1;1;0;0;27;0;0;0.22;0;0
mt_986264824;New Zealand - Belgium;Groep G;Thibaut Courtois;Belgium;G;0;0;0;0;0;0;0;0;0;90;1;0;0;0;0
mt_986264824;New Zealand - Belgium;Groep G;Kevin De Bruyne;Belgium;M;7;2;0;0;7;2;1;0;0;72;1;1;0.49;0;0
mt_986264824;New Zealand - Belgium;Groep G;Jérémy Doku;Belgium;F;2;1;0;0;2;1;0;0;1;56;1;0;0.09;0;0
mt_986264824;New Zealand - Belgium;Groep G;Youri Tielemans;Belgium;M;1;0;0;0;1;0;0;1;3;85;1;0;0.02;0;0
mt_986264824;New Zealand - Belgium;Groep G;Arthur Theate;Belgium;D;4;1;2;0;4;1;1;0;0;90;1;0;0.19;0;0
mt_986264824;New Zealand - Belgium;Groep G;Leandro Trossard;Belgium;F;7;2;0;0;7;2;1;1;1;72;1;2;1.19;0;0
mt_986264824;New Zealand - Belgium;Groep G;Timothy Castagne;Belgium;D;1;0;0;0;1;0;1;0;0;90;1;0;0.05;0;0
mt_986264824;New Zealand - Belgium;Groep G;Brandon Mechele;Belgium;D;1;0;1;0;1;0;1;2;0;90;1;0;0.07;0;0
mt_986264824;New Zealand - Belgium;Groep G;Maxim De Cuyper;Belgium;D;2;1;0;0;2;1;1;1;0;90;1;0;0.14;0;0
mt_986264824;New Zealand - Belgium;Groep G;Charles De Ketelaere;Belgium;F;1;1;0;0;1;1;2;2;1;85;1;0;0.19;0;0
mt_986264824;New Zealand - Belgium;Groep G;Hans Vanaken;Belgium;M;2;0;0;0;2;0;0;0;2;90;1;0;0.15;0;0
mt_986264824;New Zealand - Belgium;Groep G;Nicolas Raskin;Belgium;M;0;0;0;0;0;0;1;0;0;11;0;0;0;0;0
mt_986264824;New Zealand - Belgium;Groep G;Amadou Onana;Belgium;M;2;0;0;0;2;0;1;0;0;18;0;0;0.05;0;0
mt_986264824;New Zealand - Belgium;Groep G;Romelu Lukaku;Belgium;F;1;1;1;1;1;1;0;0;0;11;0;1;0.5;0;0
mt_986264824;New Zealand - Belgium;Groep G;Matías Fernández-Pardo;Belgium;F;2;0;0;0;2;0;2;0;0;34;0;0;0.29;0;0
mt_986264824;New Zealand - Belgium;Groep G;Alexis Saelemaekers;Belgium;F;2;1;0;0;2;1;1;0;2;18;0;1;0.1;0;0
mt_209798011;Uruguay - Spain;Groep H;Rodri;Spain;M;0;0;0;0;0;0;5;3;0;90;1;0;0;0;0
mt_209798011;Uruguay - Spain;Groep H;Aymeric Laporte;Spain;D;0;0;0;0;0;0;0;1;1;90;1;0;0;0;0
mt_209798011;Uruguay - Spain;Groep H;Marc Cucurella;Spain;D;0;0;0;0;0;0;1;0;1;90;1;0;0;0;0
mt_209798011;Uruguay - Spain;Groep H;Alex Baena;Spain;F;1;1;0;0;1;1;2;4;0;66;1;1;0.13;1;0
mt_209798011;Uruguay - Spain;Groep H;Lamine Yamal;Spain;F;1;0;0;0;1;0;1;0;1;76;1;0;0.03;0;0
mt_209798011;Uruguay - Spain;Groep H;Mikel Oyarzabal;Spain;F;1;0;0;0;1;0;0;0;0;76;1;0;0.02;0;0
mt_209798011;Uruguay - Spain;Groep H;Unai Simón;Spain;G;0;0;0;0;0;0;0;0;0;90;1;0;0;0;0
mt_209798011;Uruguay - Spain;Groep H;Marcos Llorente;Spain;D;0;0;0;0;0;0;4;1;0;90;1;0;0;0;0
mt_209798011;Uruguay - Spain;Groep H;Pau Cubarsí;Spain;D;1;0;1;0;1;0;0;1;1;90;1;0;0.12;0;0
mt_209798011;Uruguay - Spain;Groep H;Pedri;Spain;M;0;0;0;0;0;0;3;1;3;60;1;0;0;0;0
mt_209798011;Uruguay - Spain;Groep H;Mikel Merino;Spain;M;0;0;0;0;0;0;1;2;1;60;1;0;0;0;0
mt_209798011;Uruguay - Spain;Groep H;Dani Olmo;Spain;M;1;0;0;0;1;0;0;1;2;30;0;0;0.16;0;0
mt_209798011;Uruguay - Spain;Groep H;Yéremy Pino;Spain;M;0;0;0;0;0;0;0;0;0;24;0;0;0;0;0
mt_209798011;Uruguay - Spain;Groep H;Fabián Ruiz;Spain;M;0;0;0;0;0;0;0;0;1;30;0;0;0;0;0
mt_209798011;Uruguay - Spain;Groep H;Nico Williams;Spain;F;0;0;0;0;0;0;0;0;1;14;0;0;0;0;0
mt_209798011;Uruguay - Spain;Groep H;Ferran Torres;Spain;F;1;0;0;0;1;0;0;0;1;14;0;0;0.37;0;0
mt_370102505;Norway - France;Groep I;Fredrik Aursnes;Norway;D;1;0;0;0;1;0;5;1;0;90;1;0;0.04;0;0
mt_370102505;Norway - France;Groep I;Kristian Thorstvedt;Norway;M;1;1;0;0;1;1;1;2;1;45;1;0;0.02;0;0
mt_370102505;Norway - France;Groep I;Jørgen Strand Larsen;Norway;F;2;1;0;0;2;1;0;0;2;90;1;0;1;0;0
mt_370102505;Norway - France;Groep I;Leo Østigård;Norway;D;1;0;1;0;1;0;2;1;0;90;1;0;0.07;0;0
mt_370102505;Norway - France;Groep I;Andreas Schjelderup;Norway;F;0;0;0;0;0;0;1;2;1;83;1;0;0;0;0
mt_370102505;Norway - France;Groep I;Egil Selvik;Norway;G;0;0;0;0;0;0;1;0;0;90;1;0;0;0;0
mt_370102505;Norway - France;Groep I;Oscar Bobb;Norway;F;2;1;0;0;2;1;1;1;3;83;1;0;0.31;0;0
mt_370102505;Norway - France;Groep I;Henrik Sælebakke Falchener;Norway;D;0;0;0;0;0;0;0;0;0;66;1;0;0;0;0
mt_370102505;Norway - France;Groep I;Fredrik André Bjørkan;Norway;D;0;0;0;0;0;0;1;0;0;45;1;0;0;0;0
mt_370102505;Norway - France;Groep I;Thelo Aasgaard;Norway;M;2;1;0;0;2;1;3;0;3;90;1;1;0.13;0;0
mt_370102505;Norway - France;Groep I;Patrick Berg;Norway;M;1;0;0;0;1;0;0;1;0;90;1;0;0.07;1;0
mt_370102505;Norway - France;Groep I;Dayot Upamecano;France;D;0;0;0;0;0;0;0;1;0;76;1;0;0;0;0
mt_370102505;Norway - France;Groep I;Kylian Mbappé;France;F;4;2;0;0;4;2;0;0;0;87;1;0;0.28;0;0
mt_370102505;Norway - France;Groep I;Michael Olise;France;M;3;0;0;0;3;0;0;0;2;65;1;0;0.49;0;0
mt_370102505;Norway - France;Groep I;Ousmane Dembélé;France;F;3;3;0;0;3;3;0;0;0;65;1;3;0.28;0;0
mt_370102505;Norway - France;Groep I;Manu Koné;France;M;1;1;0;0;1;1;2;0;1;90;1;0;0.11;0;0
mt_370102505;Norway - France;Groep I;Jules Koundé;France;D;0;0;0;0;0;0;4;1;1;87;1;0;0;0;0
mt_370102505;Norway - France;Groep I;Theo Hernández;France;D;2;0;0;0;2;0;0;2;3;90;1;0;0.05;0;0
mt_370102505;Norway - France;Groep I;Aurélien Tchouaméni;France;M;1;0;0;0;1;0;7;3;0;90;1;0;0.04;1;0
mt_370102505;Norway - France;Groep I;Mike Maignan;France;G;0;0;0;0;0;0;0;0;0;90;1;0;0;0;0
mt_370102505;Norway - France;Groep I;Maxence Lacroix;France;D;0;0;0;0;0;0;2;2;0;90;1;0;0;0;0
mt_370102505;Norway - France;Groep I;Désiré Doué;France;F;4;3;1;1;4;3;2;0;1;90;1;1;0.2;0;0
mt_370102505;Norway - France;Groep I;Sondre Langås;Norway;D;0;0;0;0;0;0;0;0;0;24;0;0;0;0;0
mt_370102505;Norway - France;Groep I;Marcus Pedersen;Norway;D;0;0;0;0;0;0;1;0;0;45;0;0;0;0;0
mt_370102505;Norway - France;Groep I;Antonio Nusa;Norway;M;0;0;0;0;0;0;0;0;0;13;0;0;0;0;0
mt_370102505;Norway - France;Groep I;Jens Petter Hauge;Norway;M;0;0;0;0;0;0;0;0;0;13;0;0;0;0;0
mt_370102505;Norway - France;Groep I;Morten Thorsby;Norway;M;0;0;0;0;0;0;1;1;0;45;0;0;0;0;0
mt_370102505;Norway - France;Groep I;Ibrahima Konaté;France;D;0;0;0;0;0;0;0;0;0;14;0;0;0;0;0
mt_370102505;Norway - France;Groep I;Malo Gusto;France;D;0;0;0;0;0;0;0;0;0;9;0;0;0;0;0
mt_370102505;Norway - France;Groep I;Rayan Cherki;France;M;0;0;0;0;0;0;0;1;0;25;0;0;0;0;0
mt_370102505;Norway - France;Groep I;Bradley Barcola;France;F;0;0;0;0;0;0;0;1;0;25;0;0;0;0;0
mt_370102505;Norway - France;Groep I;Jean-Philippe Mateta;France;F;0;0;0;0;0;0;0;0;0;9;0;0;0;0;0
mt_028389482;Morocco - Haiti;Groep C;Noussair Mazraoui;Morocco;D;0;0;0;0;0;0;0;0;0;16;1;0;0;0;0
mt_028389482;Morocco - Haiti;Groep C;Samir El Mourabet;Morocco;M;0;0;0;0;0;0;1;0;0;16;1;0;0;0;0
mt_028389482;Morocco - Haiti;Groep C;Azzedine Ounahi;Morocco;M;1;0;0;0;1;0;0;0;0;20;1;0;0.01;0;0
mt_028389482;Morocco - Haiti;Groep C;Soufiane Rahimi;Morocco;F;2;1;1;0;2;1;0;2;2;20;1;1;0.12;0;0
mt_028389482;Morocco - Haiti;Groep C;Gessime Yassine;Morocco;F;1;1;0;0;1;1;1;1;1;20;1;1;0.94;0;0
mt_028389482;Morocco - Haiti;Groep C;Chadi Riad;Morocco;D;1;0;1;0;1;0;2;0;0;90;1;0;0.03;0;0
mt_028389482;Morocco - Haiti;Groep C;Anass Salah-Eddine;Morocco;D;0;0;0;0;0;0;2;1;1;83;1;0;0;0;0
mt_028389482;Morocco - Haiti;Groep C;Redouane Halhal;Morocco;D;0;0;0;0;0;0;1;1;3;90;1;0;0;0;0
mt_028389482;Morocco - Haiti;Groep C;Sofyan Amrabat;Morocco;M;0;0;0;0;0;0;2;1;1;90;1;0;0;0;0
mt_028389482;Morocco - Haiti;Groep C;Yassine Bounou;Morocco;G;0;0;0;0;1;1;0;0;0;90;1;0;0;0;0
mt_028389482;Morocco - Haiti;Groep C;Ayoub El Kaabi;Morocco;F;3;2;1;0;3;2;3;1;1;70;1;0;0.16;0;0
mt_028389482;Morocco - Haiti;Groep C;Neil El Aynaoui;Morocco;M;1;1;1;1;1;1;2;0;3;83;1;0;0.09;0;0
mt_028389482;Morocco - Haiti;Groep C;Brahim Díaz;Morocco;F;1;0;0;0;1;0;0;0;2;70;1;0;0.22;0;0
mt_028389482;Morocco - Haiti;Groep C;Ismael Saibari;Morocco;M;5;1;1;0;5;1;1;1;1;70;1;1;0.77;0;0
mt_028389482;Morocco - Haiti;Groep C;Bilal El Khannouss;Morocco;F;2;2;0;0;2;2;3;1;1;90;1;0;0.08;0;0
mt_028389482;Morocco - Haiti;Groep C;Achraf Hakimi;Morocco;D;5;3;0;0;5;3;2;1;2;90;1;1;1.27;0;0
mt_209798077;Switzerland - Canada;Groep B;Nico Elvedi;Switzerland;D;0;0;0;0;0;0;1;0;0;90;1;0;0;0;0
mt_209798077;Switzerland - Canada;Groep B;Gregor Kobel;Switzerland;G;0;0;0;0;0;0;0;0;1;90;1;0;0;0;0
mt_209798077;Switzerland - Canada;Groep B;Luca Jaquez;Switzerland;D;0;0;0;0;0;0;2;3;1;74;1;0;0;0;0
mt_209798077;Switzerland - Canada;Groep B;Breel Embolo;Switzerland;F;2;2;0;0;2;2;0;3;4;85;1;0;0.7;0;0
mt_209798077;Switzerland - Canada;Groep B;Manuel Akanji;Switzerland;D;0;0;0;0;0;0;2;0;0;90;1;0;0;0;0
mt_209798077;Switzerland - Canada;Groep B;Ricardo Rodríguez;Switzerland;D;0;0;0;0;0;0;3;3;1;90;1;0;0;0;0
mt_209798077;Switzerland - Canada;Groep B;Remo Freuler;Switzerland;M;0;0;0;0;0;0;2;2;1;90;1;0;0;0;0
mt_209798077;Switzerland - Canada;Groep B;Granit Xhaka;Switzerland;M;1;0;0;0;1;0;1;0;2;90;1;0;0.04;1;0
mt_209798077;Switzerland - Canada;Groep B;Djibril Sow;Switzerland;F;0;0;0;0;0;0;1;1;0;74;1;0;0;0;0
mt_209798077;Switzerland - Canada;Groep B;Johan Manzambi;Switzerland;M;2;1;0;0;2;1;0;1;1;85;1;1;0.19;0;0
mt_209798077;Switzerland - Canada;Groep B;Rubén Vargas;Switzerland;F;1;1;0;0;1;1;1;3;0;80;1;1;0.24;0;0
mt_209798077;Switzerland - Canada;Groep B;Silvan Widmer;Switzerland;D;0;0;0;0;0;0;0;0;0;16;0;0;0;0;0
mt_209798077;Switzerland - Canada;Groep B;Michel Aebischer;Switzerland;M;0;0;0;0;0;0;1;2;0;16;0;0;0;0;0
mt_209798077;Switzerland - Canada;Groep B;Christian Fassnacht;Switzerland;M;0;0;0;0;0;0;1;0;0;12;0;0;0;0;0
mt_209798077;Switzerland - Canada;Groep B;Dan Ndoye;Switzerland;F;0;0;0;0;0;0;0;0;2;10;0;0;0;0;0
mt_209798077;Switzerland - Canada;Groep B;Cédric Itten;Switzerland;F;0;0;0;0;0;0;1;1;0;12;0;0;0;0;0
mt_986264630;England - Ghana;Groep L;Declan Rice;England;M;3;0;1;0;3;0;2;1;0;90;1;0;0.11;1;0
mt_986264630;England - Ghana;Groep L;Marc Guéhi;England;D;1;0;1;0;1;0;0;2;7;90;1;0;0.16;0;0
mt_986264630;England - Ghana;Groep L;Noni Madueke;England;F;2;0;0;0;2;0;1;0;1;83;1;0;0.11;0;0
mt_986264630;England - Ghana;Groep L;Anthony Gordon;England;F;1;1;0;0;1;1;1;1;3;65;1;0;0.02;0;0
mt_986264630;England - Ghana;Groep L;Reece James;England;D;0;0;0;0;0;0;2;0;0;90;1;0;0;0;0
mt_986264630;England - Ghana;Groep L;Jude Bellingham;England;M;1;0;0;0;1;0;2;2;0;73;1;0;0.02;0;0
mt_986264630;England - Ghana;Groep L;Elliot Anderson;England;M;4;0;2;0;4;0;3;2;3;74;1;0;0.12;0;0
mt_986264630;England - Ghana;Groep L;Ezri Konsa;England;D;0;0;0;0;0;0;1;2;2;90;1;0;0;0;0
mt_986264630;England - Ghana;Groep L;Jordan Pickford;England;G;0;0;0;0;0;0;0;0;2;90;1;0;0;0;0
mt_986264630;England - Ghana;Groep L;Djed Spence;England;D;0;0;0;0;0;0;1;0;0;66;1;0;0;0;0
mt_986264630;England - Ghana;Groep L;Harry Kane;England;F;3;1;0;0;3;1;0;1;2;90;1;0;0.49;0;0
mt_986264630;England - Ghana;Groep L;Nico O'Reilly;England;D;2;0;2;0;2;0;1;0;0;24;0;0;0.2;0;0
mt_986264630;England - Ghana;Groep L;Morgan Rogers;England;M;0;0;0;0;0;0;0;1;0;17;0;0;0;0;0
mt_986264630;England - Ghana;Groep L;Eberechi Eze;England;M;0;0;0;0;0;0;0;0;1;16;0;0;0;0;0
mt_986264630;England - Ghana;Groep L;Bukayo Saka;England;F;2;1;1;0;2;1;0;0;3;25;0;0;0.14;0;0
mt_986264630;England - Ghana;Groep L;Marcus Rashford;England;F;0;0;0;0;0;0;0;2;0;14;0;0;0;0;0
mt_153637911;Norway - Senegal;Groep I;Fredrik Aursnes;Norway;M;0;0;0;0;0;0;1;4;0;45;1;0;0;0;0
mt_153637911;Norway - Senegal;Groep I;Ørjan Nyland;Norway;G;0;0;0;0;0;0;0;0;0;90;1;0;0;0;0
mt_153637911;Norway - Senegal;Groep I;Torbjørn Heggem;Norway;D;0;0;0;0;0;0;2;0;0;84;1;0;0;0;0
mt_153637911;Norway - Senegal;Groep I;Antonio Nusa;Norway;F;2;0;0;0;2;0;0;0;0;71;1;0;0.09;0;0
mt_153637911;Norway - Senegal;Groep I;David Møller Wolfe;Norway;D;0;0;0;0;0;0;1;2;0;90;1;0;0;0;0
mt_153637911;Norway - Senegal;Groep I;Erling Haaland;Norway;F;5;3;1;1;5;3;0;2;0;90;1;2;0.81;0;0
mt_153637911;Norway - Senegal;Groep I;Julian Ryerson;Norway;D;0;0;0;0;0;0;1;0;0;13;1;0;0;0;0
mt_153637911;Norway - Senegal;Groep I;Kristoffer Ajer;Norway;D;1;1;1;1;1;1;2;0;0;90;1;0;0.19;0;0
mt_153637911;Norway - Senegal;Groep I;Martin Ødegaard;Norway;M;3;1;0;0;3;1;1;0;1;90;1;0;0.72;0;0
mt_153637911;Norway - Senegal;Groep I;Sander Berge;Norway;M;0;0;0;0;0;0;1;1;0;90;1;0;0;0;0
mt_153637911;Norway - Senegal;Groep I;Alexander Sørloth;Norway;F;0;0;0;0;0;0;0;1;1;84;1;0;0;0;0
mt_153637911;Norway - Senegal;Groep I;Leo Østigård;Norway;D;0;0;0;0;0;0;1;0;1;17;0;0;0;0;0
mt_153637911;Norway - Senegal;Groep I;Marcus Pedersen;Norway;D;1;1;0;0;1;1;0;1;1;77;0;1;0.14;0;0
mt_153637911;Norway - Senegal;Groep I;Patrick Berg;Norway;M;0;0;0;0;0;0;0;2;0;45;0;0;0;0;0
mt_153637911;Norway - Senegal;Groep I;Oscar Bobb;Norway;M;1;1;0;0;1;1;0;0;0;17;0;0;0.19;0;0
mt_153637911;Norway - Senegal;Groep I;Andreas Schjelderup;Norway;F;0;0;0;0;0;0;0;0;0;19;0;0;0;0;0
mt_732520476;France - Iraq;Groep I;Lucas Digne;France;D;0;0;0;0;0;0;0;1;0;90;1;0;0;0;0
mt_732520476;France - Iraq;Groep I;Michael Olise;France;M;3;0;0;0;3;0;1;0;1;68;1;0;0.15;0;0
mt_732520476;France - Iraq;Groep I;Mike Maignan;France;G;0;0;0;0;0;0;0;0;0;90;1;0;0;0;0
mt_732520476;France - Iraq;Groep I;Ousmane Dembélé;France;F;4;2;0;0;4;2;1;0;0;68;1;1;0.66;0;0
mt_732520476;France - Iraq;Groep I;Jules Koundé;France;D;0;0;0;0;0;0;1;0;1;83;1;0;0;0;0
mt_732520476;France - Iraq;Groep I;Kylian Mbappé;France;F;8;3;0;0;8;3;1;1;1;89;1;2;1.27;0;0
mt_732520476;France - Iraq;Groep I;Bradley Barcola;France;F;1;0;1;0;1;0;2;0;0;83;1;0;0.02;0;0
mt_732520476;France - Iraq;Groep I;Adrien Rabiot;France;M;1;0;1;0;1;0;1;2;0;90;1;0;0.55;0;0
mt_732520476;France - Iraq;Groep I;William Saliba;France;D;1;0;1;0;1;0;1;0;0;90;1;0;0.05;0;0
mt_732520476;France - Iraq;Groep I;Manu Koné;France;M;1;0;0;0;1;0;3;2;1;90;1;0;0.03;0;0
mt_732520476;France - Iraq;Groep I;Dayot Upamecano;France;D;0;0;0;0;0;0;1;1;0;90;1;0;0;0;0
mt_732520476;France - Iraq;Groep I;Malo Gusto;France;D;0;0;0;0;0;0;0;1;0;10;0;0;0;0;0
mt_732520476;France - Iraq;Groep I;Rayan Cherki;France;M;0;0;0;0;0;0;1;0;0;22;0;0;0;0;0
mt_732520476;France - Iraq;Groep I;Maghnes Akliouche;France;M;0;0;0;0;0;0;1;0;0;10;0;0;0;0;0
mt_732520476;France - Iraq;Groep I;Désiré Doué;France;F;0;0;0;0;0;0;0;0;0;22;0;0;0;0;0
mt_732520476;France - Iraq;Groep I;Marcus Thuram;France;F;0;0;0;0;0;0;0;0;0;1;0;0;0;0;0
mt_986262946;Argentina - Austria;Groep J;Cristian Romero;Argentina;D;0;0;0;0;0;0;1;1;0;57;1;0;0;0;0
mt_986262946;Argentina - Austria;Groep J;Rodrigo De Paul;Argentina;M;0;0;0;0;0;0;1;0;0;82;1;0;0;0;0
mt_986262946;Argentina - Austria;Groep J;Alexis Mac Allister;Argentina;M;0;0;0;0;0;0;4;2;1;90;1;0;0;0;0
mt_986262946;Argentina - Austria;Groep J;Thiago Almada;Argentina;M;0;0;0;0;0;0;3;0;0;64;1;0;0;0;0
mt_986262946;Argentina - Austria;Groep J;Lautaro Martínez;Argentina;F;0;0;0;0;0;0;2;2;2;65;1;0;0;0;0
mt_986262946;Argentina - Austria;Groep J;Nahuel Molina;Argentina;D;0;0;0;0;0;0;2;1;0;90;1;0;0;0;0
mt_986262946;Argentina - Austria;Groep J;Lionel Messi;Argentina;F;7;4;0;0;7;4;2;0;4;90;1;2;1.44;0;0
mt_986262946;Argentina - Austria;Groep J;Emiliano Martínez;Argentina;G;0;0;0;0;0;0;0;0;0;90;1;0;0;0;0
mt_986262946;Argentina - Austria;Groep J;Enzo Fernández;Argentina;M;2;0;0;0;2;0;2;2;1;90;1;0;0.16;0;0
mt_986262946;Argentina - Austria;Groep J;Facundo Medina;Argentina;D;0;0;0;0;0;0;3;1;1;82;1;0;0;1;0
mt_986262946;Argentina - Austria;Groep J;Lisandro Martínez;Argentina;D;0;0;0;0;0;0;1;1;0;90;1;0;0;0;0
mt_986262946;Argentina - Austria;Groep J;Nicolás Tagliafico;Argentina;D;0;0;0;0;0;0;0;0;1;8;0;0;0;0;0
mt_986262946;Argentina - Austria;Groep J;Nicolás Otamendi;Argentina;D;0;0;0;0;0;0;0;2;0;33;0;0;0;0;0
mt_986262946;Argentina - Austria;Groep J;Leandro Paredes;Argentina;M;0;0;0;0;0;0;0;1;0;8;0;0;0;1;0
mt_986262946;Argentina - Austria;Groep J;Julián Alvarez;Argentina;F;1;1;0;0;1;1;0;0;0;26;0;0;0.38;0;0
mt_986262946;Argentina - Austria;Groep J;Nicolás González;Argentina;F;2;0;1;0;2;0;0;0;2;25;0;0;0.27;0;0
mt_732525756;Belgium - Iran;Groep G;Nathan Ngoy;Belgium;D;1;0;0;0;1;0;2;2;0;66;1;0;0.05;0;1
mt_732525756;Belgium - Iran;Groep G;Thibaut Courtois;Belgium;G;0;0;0;0;0;0;0;0;0;90;1;0;0;0;0
mt_732525756;Belgium - Iran;Groep G;Kevin De Bruyne;Belgium;M;5;1;0;0;5;1;1;0;3;87;1;0;0.31;0;0
mt_732525756;Belgium - Iran;Groep G;Thomas Meunier;Belgium;D;0;0;0;0;0;0;2;1;0;58;1;0;0;0;0
mt_732525756;Belgium - Iran;Groep G;Romelu Lukaku;Belgium;F;1;0;0;0;1;0;0;1;0;73;1;0;0.03;1;0
mt_732525756;Belgium - Iran;Groep G;Brandon Mechele;Belgium;D;1;0;1;0;1;0;0;1;0;90;1;0;0.07;0;0
mt_732525756;Belgium - Iran;Groep G;Alexis Saelemaekers;Belgium;F;2;0;0;0;2;0;1;0;0;58;1;0;0.08;0;0
mt_732525756;Belgium - Iran;Groep G;Maxim De Cuyper;Belgium;D;5;4;0;0;5;4;0;0;1;90;1;0;0.85;0;0
mt_732525756;Belgium - Iran;Groep G;Nicolas Raskin;Belgium;M;0;0;0;0;0;0;1;1;0;58;1;0;0;0;0
mt_732525756;Belgium - Iran;Groep G;Youri Tielemans;Belgium;M;2;1;0;0;2;1;2;0;2;90;1;0;0.06;0;0
mt_732525756;Belgium - Iran;Groep G;Leandro Trossard;Belgium;F;1;0;0;0;1;0;2;1;1;90;1;0;0.06;0;0
mt_732525756;Belgium - Iran;Groep G;Timothy Castagne;Belgium;D;0;0;0;0;0;0;0;0;0;32;0;0;0;0;0
mt_732525756;Belgium - Iran;Groep G;Arthur Theate;Belgium;D;0;0;0;0;0;0;0;0;0;17;0;0;0;0;0
mt_732525756;Belgium - Iran;Groep G;Hans Vanaken;Belgium;M;2;0;0;0;2;0;0;0;0;32;0;0;0.15;0;0
mt_732525756;Belgium - Iran;Groep G;Matías Fernández-Pardo;Belgium;F;1;0;0;0;1;0;0;0;0;9;0;0;0.04;0;0
mt_732525756;Belgium - Iran;Groep G;Dodi Lukebakio;Belgium;F;2;1;0;0;2;1;1;0;1;32;0;0;0.04;0;0
mt_153637587;Spain - Saudi Arabia;Groep H;Unai Simón;Spain;G;0;0;0;0;0;0;0;0;0;90;1;0;0;0;0
mt_153637587;Spain - Saudi Arabia;Groep H;Rodri;Spain;M;1;0;0;0;1;0;2;0;1;90;1;0;0.04;0;0
mt_153637587;Spain - Saudi Arabia;Groep H;Pedro Porro;Spain;D;2;1;0;0;2;1;3;1;0;90;1;0;0.21;0;0
mt_153637587;Spain - Saudi Arabia;Groep H;Marc Cucurella;Spain;D;1;1;0;0;1;1;0;2;0;90;1;0;0.18;0;0
mt_153637587;Spain - Saudi Arabia;Groep H;Pau Cubarsí;Spain;D;0;0;0;0;0;0;1;0;0;90;1;0;0;0;0
mt_153637587;Spain - Saudi Arabia;Groep H;Aymeric Laporte;Spain;D;0;0;0;0;0;0;1;1;0;90;1;0;0;0;0
mt_153637587;Spain - Saudi Arabia;Groep H;Alex Baena;Spain;F;2;0;0;0;2;0;0;1;0;61;1;0;0.05;0;0
mt_153637587;Spain - Saudi Arabia;Groep H;Mikel Oyarzabal;Spain;F;5;3;0;0;5;3;1;1;0;45;1;2;0.77;0;0
mt_153637587;Spain - Saudi Arabia;Groep H;Pedri;Spain;M;1;0;0;0;1;0;0;0;0;70;1;0;0.08;0;0
mt_153637587;Spain - Saudi Arabia;Groep H;Dani Olmo;Spain;M;2;0;0;0;2;0;1;1;0;61;1;0;0.05;0;0
mt_153637587;Spain - Saudi Arabia;Groep H;Lamine Yamal;Spain;F;5;2;0;0;5;2;1;0;0;45;1;1;0.34;0;0
mt_153637587;Spain - Saudi Arabia;Groep H;Mikel Merino;Spain;M;1;0;0;0;1;0;0;0;0;29;0;0;0.05;0;0
mt_153637587;Spain - Saudi Arabia;Groep H;Fabián Ruiz;Spain;M;0;0;0;0;0;0;0;0;0;20;0;0;0;0;0
mt_153637587;Spain - Saudi Arabia;Groep H;Yéremy Pino;Spain;M;0;0;0;0;0;0;0;2;0;45;0;0;0;0;0
mt_153637587;Spain - Saudi Arabia;Groep H;Nico Williams;Spain;F;0;0;0;0;0;0;0;0;0;29;0;0;0;0;0
mt_153637587;Spain - Saudi Arabia;Groep H;Ferran Torres;Spain;F;2;1;1;1;2;1;0;1;0;45;0;0;0.46;0;0
mt_732520916;Scotland - Morocco;Groep C;Neil El Aynaoui;Morocco;M;1;0;0;0;1;0;6;2;0;90;1;0;0.07;0;0
mt_732520916;Scotland - Morocco;Groep C;Achraf Hakimi;Morocco;D;2;0;0;0;2;0;0;0;3;90;1;0;0.3;0;0
mt_732520916;Scotland - Morocco;Groep C;Issa Diop;Morocco;D;0;0;0;0;0;0;0;1;0;90;1;0;0;1;0
mt_732520916;Scotland - Morocco;Groep C;Azzedine Ounahi;Morocco;M;0;0;0;0;0;0;1;0;1;89;1;0;0;0;0
mt_732520916;Scotland - Morocco;Groep C;Chadi Riad;Morocco;D;0;0;0;0;0;0;0;0;0;90;1;0;0;0;0
mt_732520916;Scotland - Morocco;Groep C;Noussair Mazraoui;Morocco;D;0;0;0;0;0;0;0;1;2;90;1;0;0;0;0
mt_732520916;Scotland - Morocco;Groep C;Brahim Díaz;Morocco;F;1;0;0;0;1;0;0;1;2;84;1;0;0.04;0;0
mt_732520916;Scotland - Morocco;Groep C;Bilal El Khannouss;Morocco;F;2;1;1;1;2;1;1;0;1;84;1;0;0.17;0;0
mt_732520916;Scotland - Morocco;Groep C;Ayyoub Bouaddi;Morocco;M;1;0;0;0;1;0;1;1;0;90;1;0;0.01;0;0
mt_732520916;Scotland - Morocco;Groep C;Ismael Saibari;Morocco;F;2;1;0;0;2;1;1;0;0;84;1;1;0.22;0;0
mt_732520916;Scotland - Morocco;Groep C;Yassine Bounou;Morocco;G;0;0;0;0;0;0;0;0;1;90;1;0;0;0;0
mt_732520916;Scotland - Morocco;Groep C;Samir El Mourabet;Morocco;M;0;0;0;0;0;0;0;0;0;1;0;0;0;0;0
mt_732520916;Scotland - Morocco;Groep C;Chemsdine Talbi;Morocco;F;2;0;0;0;2;0;0;0;0;13;0;0;0.05;0;0
mt_732520916;Scotland - Morocco;Groep C;Ayoube Amaimouni Echghouyab;Morocco;F;1;0;0;0;1;0;0;1;0;13;0;0;0.09;0;0
mt_732520916;Scotland - Morocco;Groep C;Soufiane Rahimi;Morocco;F;0;0;0;0;0;0;0;1;0;13;0;0;0;0;0
mt_641915446;Switzerland - Bosnia & Herzegovina;Groep B;Michel Aebischer;Switzerland;M;1;0;1;0;1;0;4;1;1;71;1;0;0.12;0;0
mt_641915446;Switzerland - Bosnia & Herzegovina;Groep B;Gregor Kobel;Switzerland;G;0;0;0;0;0;0;0;0;0;90;1;0;0;0;0
mt_641915446;Switzerland - Bosnia & Herzegovina;Groep B;Granit Xhaka;Switzerland;M;2;1;0;0;2;1;2;1;2;90;1;1;0.77;0;0
mt_641915446;Switzerland - Bosnia & Herzegovina;Groep B;Ricardo Rodríguez;Switzerland;D;0;0;0;0;0;0;3;1;0;90;1;0;0;0;0
mt_641915446;Switzerland - Bosnia & Herzegovina;Groep B;Manuel Akanji;Switzerland;D;0;0;0;0;0;0;3;0;2;90;1;0;0;0;0
mt_641915446;Switzerland - Bosnia & Herzegovina;Groep B;Nico Elvedi;Switzerland;D;0;0;0;0;0;0;0;1;2;90;1;0;0;1;0
mt_641915446;Switzerland - Bosnia & Herzegovina;Groep B;Silvan Widmer;Switzerland;D;0;0;0;0;0;0;0;1;0;86;1;0;0;0;0
mt_641915446;Switzerland - Bosnia & Herzegovina;Groep B;Breel Embolo;Switzerland;F;1;0;1;0;1;0;0;1;4;89;1;0;0.15;0;0
mt_641915446;Switzerland - Bosnia & Herzegovina;Groep B;Remo Freuler;Switzerland;M;1;0;0;0;1;0;2;0;0;90;1;0;0.01;0;0
mt_641915446;Switzerland - Bosnia & Herzegovina;Groep B;Dan Ndoye;Switzerland;F;4;2;0;0;4;2;1;1;2;71;1;0;0.1;0;0
mt_641915446;Switzerland - Bosnia & Herzegovina;Groep B;Fabian Rieder;Switzerland;M;0;0;0;0;0;0;3;0;2;71;1;0;0;0;0
mt_641915446;Switzerland - Bosnia & Herzegovina;Groep B;Luca Jaquez;Switzerland;D;0;0;0;0;0;0;0;0;0;12;0;0;0;0;0
mt_641915446;Switzerland - Bosnia & Herzegovina;Groep B;Rubén Vargas;Switzerland;M;2;2;0;0;2;2;1;0;0;19;0;1;0.35;0;0
mt_641915446;Switzerland - Bosnia & Herzegovina;Groep B;Johan Manzambi;Switzerland;M;2;2;0;0;2;2;0;0;0;19;0;2;0.49;0;0
mt_641915446;Switzerland - Bosnia & Herzegovina;Groep B;Djibril Sow;Switzerland;M;0;0;0;0;0;0;0;0;1;19;0;0;0;0;0
mt_641915446;Switzerland - Bosnia & Herzegovina;Groep B;Cédric Itten;Switzerland;F;0;0;0;0;0;0;0;0;1;9;0;0;0;0;0
mt_028383092;England - Croatia;Groep L;Ezri Konsa;England;D;2;1;1;0;2;1;0;1;2;90;1;0;0.6;0;0
mt_028383092;England - Croatia;Groep L;John Stones;England;D;0;0;0;0;0;0;1;1;1;87;1;0;0;0;0
mt_028383092;England - Croatia;Groep L;Anthony Gordon;England;F;2;1;1;1;2;1;0;0;0;72;1;0;0.25;0;0
mt_028383092;England - Croatia;Groep L;Jude Bellingham;England;M;3;2;0;0;3;2;3;0;1;80;1;1;0.46;0;0
mt_028383092;England - Croatia;Groep L;Harry Kane;England;F;7;3;2;1;7;3;1;2;1;90;1;2;0.98;0;0
mt_028383092;England - Croatia;Groep L;Noni Madueke;England;F;1;0;0;0;1;0;0;0;1;72;1;0;0.08;0;0
mt_028383092;England - Croatia;Groep L;Jordan Pickford;England;G;0;0;0;0;0;0;0;0;1;90;1;0;0;0;0
mt_028383092;England - Croatia;Groep L;Declan Rice;England;M;1;1;0;0;1;1;0;1;0;72;1;0;0.04;0;0
mt_028383092;England - Croatia;Groep L;Nico O'Reilly;England;D;2;1;2;1;2;1;0;1;1;90;1;0;0.17;0;0
mt_028383092;England - Croatia;Groep L;Reece James;England;D;1;0;0;0;1;0;0;1;0;90;1;0;0.04;0;0
mt_028383092;England - Croatia;Groep L;Elliot Anderson;England;M;1;0;0;0;1;0;2;3;2;90;1;0;0.04;0;0
mt_028383092;England - Croatia;Groep L;Djed Spence;England;D;1;1;0;0;1;1;1;0;0;10;0;0;0.52;0;0
mt_028383092;England - Croatia;Groep L;Marc Guéhi;England;D;0;0;0;0;0;0;0;0;0;10;0;0;0;0;0
mt_028383092;England - Croatia;Groep L;Morgan Rogers;England;M;0;0;0;0;0;0;1;0;1;18;0;0;0;0;0
mt_028383092;England - Croatia;Groep L;Bukayo Saka;England;F;0;0;0;0;0;0;0;0;1;18;0;0;0;0;0
mt_028383092;England - Croatia;Groep L;Marcus Rashford;England;F;1;1;0;0;1;1;0;0;0;18;0;1;0.05;0;0
mt_028389471;Argentina - Algeria;Groep J;Emiliano Martínez;Argentina;G;0;0;0;0;0;0;0;0;0;90;1;0;0;0;0
mt_028389471;Argentina - Algeria;Groep J;Alexis Mac Allister;Argentina;M;2;1;1;0;2;1;1;2;1;90;1;0;0.08;0;0
mt_028389471;Argentina - Algeria;Groep J;Enzo Fernández;Argentina;M;0;0;0;0;0;0;4;1;1;90;1;0;0;0;0
mt_028389471;Argentina - Algeria;Groep J;Rodrigo De Paul;Argentina;M;0;0;0;0;0;0;3;0;1;90;1;0;0;0;0
mt_028389471;Argentina - Algeria;Groep J;Cristian Romero;Argentina;D;0;0;0;0;0;0;2;2;1;80;1;0;0;0;0
mt_028389471;Argentina - Algeria;Groep J;Lautaro Martínez;Argentina;F;1;1;0;0;1;1;1;2;0;55;1;0;0.11;0;0
mt_028389471;Argentina - Algeria;Groep J;Gonzalo Montiel;Argentina;D;0;0;0;0;0;0;2;1;0;45;1;0;0;0;0
mt_028389471;Argentina - Algeria;Groep J;Thiago Almada;Argentina;M;1;0;0;0;1;0;2;0;1;55;1;0;0.02;0;0
mt_028389471;Argentina - Algeria;Groep J;Lionel Messi;Argentina;F;6;4;0;0;6;4;2;1;1;80;1;3;1.02;0;0
mt_028389471;Argentina - Algeria;Groep J;Facundo Medina;Argentina;D;0;0;0;0;0;0;2;2;1;90;1;0;0;0;0
mt_028389471;Argentina - Algeria;Groep J;Lisandro Martínez;Argentina;D;0;0;0;0;0;0;2;0;0;90;1;0;0;0;0
mt_028389471;Argentina - Algeria;Groep J;Nahuel Molina;Argentina;D;0;0;0;0;0;0;1;0;0;45;0;0;0;0;0
mt_028389471;Argentina - Algeria;Groep J;Nicolás Otamendi;Argentina;D;0;0;0;0;0;0;2;0;0;10;0;0;0;0;0
mt_028389471;Argentina - Algeria;Groep J;Julián Alvarez;Argentina;F;0;0;0;0;0;0;1;1;0;35;0;0;0;0;0
mt_028389471;Argentina - Algeria;Groep J;Nico Paz;Argentina;F;0;0;0;0;0;0;2;1;0;10;0;0;0;0;0
mt_028389471;Argentina - Algeria;Groep J;Nicolás González;Argentina;F;0;0;0;0;0;0;0;0;0;35;0;0;0;0;0
mt_517473168;Iraq - Norway;Groep I;Ørjan Nyland;Norway;G;0;0;0;0;0;0;0;0;0;90;1;0;0;0;0
mt_517473168;Iraq - Norway;Groep I;Julian Ryerson;Norway;D;0;0;0;0;0;0;4;2;0;90;1;0;0;0;0
mt_517473168;Iraq - Norway;Groep I;Sander Berge;Norway;M;0;0;0;0;0;0;1;1;1;90;1;0;0;0;0
mt_517473168;Iraq - Norway;Groep I;Torbjørn Heggem;Norway;D;0;0;0;0;0;0;1;1;0;90;1;0;0;0;0
mt_517473168;Iraq - Norway;Groep I;David Møller Wolfe;Norway;D;0;0;0;0;0;0;1;3;1;73;1;0;0;0;0
mt_517473168;Iraq - Norway;Groep I;Martin Ødegaard;Norway;M;1;0;0;0;1;0;2;1;1;81;1;0;0.04;0;0
mt_517473168;Iraq - Norway;Groep I;Fredrik Aursnes;Norway;M;0;0;0;0;0;0;2;0;0;73;1;0;0;0;0
mt_517473168;Iraq - Norway;Groep I;Antonio Nusa;Norway;M;0;0;0;0;0;0;1;0;2;73;1;0;0;0;0
mt_517473168;Iraq - Norway;Groep I;Kristoffer Ajer;Norway;D;0;0;0;0;0;0;1;0;1;90;1;0;0;0;0
mt_517473168;Iraq - Norway;Groep I;Alexander Sørloth;Norway;F;2;0;1;0;2;0;0;3;1;73;1;0;0.18;0;0
mt_517473168;Iraq - Norway;Groep I;Erling Haaland;Norway;F;5;4;1;0;5;4;0;2;3;90;1;2;1.78;0;0
mt_517473168;Iraq - Norway;Groep I;Leo Østigård;Norway;D;2;1;2;1;2;1;0;0;0;17;0;1;0.27;0;0
mt_517473168;Iraq - Norway;Groep I;Kristian Thorstvedt;Norway;M;2;0;0;0;2;0;1;0;0;17;0;0;0.16;0;0
mt_517473168;Iraq - Norway;Groep I;Oscar Bobb;Norway;M;0;0;0;0;0;0;0;0;0;17;0;0;0;0;0
mt_517473168;Iraq - Norway;Groep I;Patrick Berg;Norway;M;0;0;0;0;0;0;1;0;0;9;0;0;0;0;0
mt_517473168;Iraq - Norway;Groep I;Andreas Schjelderup;Norway;F;0;0;0;0;0;0;0;0;1;17;0;0;0;0;0
mt_209797283;France - Senegal;Groep I;Aurélien Tchouaméni;France;M;0;0;0;0;0;0;3;0;0;90;1;0;0;0;0
mt_209797283;France - Senegal;Groep I;Désiré Doué;France;F;2;1;0;0;2;1;1;0;1;87;1;0;0.08;0;0
mt_209797283;France - Senegal;Groep I;Theo Hernández;France;D;1;0;0;0;1;0;2;0;0;90;1;0;0.11;0;0
mt_209797283;France - Senegal;Groep I;Dayot Upamecano;France;D;0;0;0;0;0;0;6;1;1;90;1;0;0;0;0
mt_209797283;France - Senegal;Groep I;Mike Maignan;France;G;0;0;0;0;0;0;0;0;1;90;1;0;0;0;0
mt_209797283;France - Senegal;Groep I;Jules Koundé;France;D;0;0;0;0;0;0;4;1;0;90;1;0;0;0;0
mt_209797283;France - Senegal;Groep I;Michael Olise;France;F;2;2;0;0;2;2;2;0;2;90;1;0;0.38;0;0
mt_209797283;France - Senegal;Groep I;Kylian Mbappé;France;F;4;4;0;0;4;4;0;2;1;90;1;2;0.74;0;0
mt_209797283;France - Senegal;Groep I;Adrien Rabiot;France;M;0;0;0;0;0;0;0;1;0;90;1;0;0;0;0
mt_209797283;France - Senegal;Groep I;Ousmane Dembélé;France;M;1;0;0;0;1;0;1;0;1;80;1;0;0.03;0;0
mt_209797283;France - Senegal;Groep I;William Saliba;France;D;0;0;0;0;0;0;0;0;0;90;1;0;0;0;0
mt_209797283;France - Senegal;Groep I;Rayan Cherki;France;M;0;0;0;0;0;0;0;0;1;13;0;0;0;0;0
mt_209797283;France - Senegal;Groep I;Bradley Barcola;France;F;1;1;0;0;1;1;0;0;0;10;0;1;0.42;0;0
mt_370102747;Belgium - Egypt;Groep G;Brandon Mechele;Belgium;D;2;1;1;1;2;1;2;2;1;90;1;0;0.31;0;0
mt_370102747;Belgium - Egypt;Groep G;Timothy Castagne;Belgium;D;0;0;0;0;0;0;4;1;0;56;1;0;0;1;0
mt_370102747;Belgium - Egypt;Groep G;Nathan Ngoy;Belgium;D;0;0;0;0;0;0;2;2;1;90;1;0;0;0;0
mt_370102747;Belgium - Egypt;Groep G;Amadou Onana;Belgium;M;0;0;0;0;0;0;0;1;3;56;1;0;0;0;0
mt_370102747;Belgium - Egypt;Groep G;Kevin De Bruyne;Belgium;M;4;1;0;0;4;1;0;0;0;86;1;0;0.26;0;0
mt_370102747;Belgium - Egypt;Groep G;Leandro Trossard;Belgium;F;3;0;0;0;3;0;2;0;2;90;1;0;0.19;0;0
mt_370102747;Belgium - Egypt;Groep G;Thibaut Courtois;Belgium;G;0;0;0;0;0;0;0;0;0;90;1;0;0;0;0
mt_370102747;Belgium - Egypt;Groep G;Jérémy Doku;Belgium;F;1;0;0;0;1;0;0;1;5;86;1;0;0.16;0;0
mt_370102747;Belgium - Egypt;Groep G;Youri Tielemans;Belgium;M;2;0;1;0;2;0;1;1;2;90;1;0;0.05;0;0
mt_370102747;Belgium - Egypt;Groep G;Thomas Meunier;Belgium;D;1;1;0;0;1;1;1;5;0;90;1;0;0.07;0;0
mt_370102747;Belgium - Egypt;Groep G;Charles De Ketelaere;Belgium;F;0;0;0;0;0;0;2;0;1;66;1;0;0;0;0
mt_370102747;Belgium - Egypt;Groep G;Maxim De Cuyper;Belgium;D;0;0;0;0;0;0;1;2;0;34;0;0;0;1;0
mt_370102747;Belgium - Egypt;Groep G;Hans Vanaken;Belgium;M;0;0;0;0;0;0;0;0;0;10;0;0;0;0;0
mt_370102747;Belgium - Egypt;Groep G;Nicolas Raskin;Belgium;M;0;0;0;0;0;0;2;0;0;34;0;0;0;0;0
mt_370102747;Belgium - Egypt;Groep G;Romelu Lukaku;Belgium;F;2;0;1;0;2;0;0;0;0;24;0;0;0.25;0;0
mt_370102747;Belgium - Egypt;Groep G;Matías Fernández-Pardo;Belgium;F;0;0;0;0;0;0;0;0;0;10;0;0;0;0;0
mt_517473171;Spain - Cape Verde;Groep H;Marc Cucurella;Spain;D;2;1;1;1;2;1;1;1;0;90;1;0;0.12;0;0
mt_517473171;Spain - Cape Verde;Groep H;Marcos Llorente;Spain;D;0;0;0;0;0;0;2;1;1;90;1;0;0;0;0
mt_517473171;Spain - Cape Verde;Groep H;Ferran Torres;Spain;F;4;1;1;0;4;1;0;2;0;81;1;0;0.63;0;0
mt_517473171;Spain - Cape Verde;Groep H;Pau Cubarsí;Spain;D;1;0;0;0;1;0;0;0;0;90;1;0;0.03;0;0
mt_517473171;Spain - Cape Verde;Groep H;Aymeric Laporte;Spain;D;2;1;1;1;2;1;0;0;0;90;1;0;0.07;0;0
mt_517473171;Spain - Cape Verde;Groep H;Unai Simón;Spain;G;0;0;0;0;0;0;0;0;0;90;1;0;0;0;0
mt_517473171;Spain - Cape Verde;Groep H;Fabián Ruiz;Spain;M;5;1;1;1;5;1;2;0;0;71;1;0;0.3;0;0
mt_517473171;Spain - Cape Verde;Groep H;Pablo Gavi;Spain;F;1;0;0;0;1;0;3;2;0;71;1;0;0.05;0;0
mt_517473171;Spain - Cape Verde;Groep H;Rodri;Spain;M;2;0;1;0;2;0;1;1;0;87;1;0;0.11;0;0
mt_517473171;Spain - Cape Verde;Groep H;Pedri;Spain;M;2;1;0;0;2;1;2;1;0;90;1;0;0.1;1;0
mt_517473171;Spain - Cape Verde;Groep H;Mikel Oyarzabal;Spain;F;5;1;4;1;5;1;1;0;0;90;1;0;0.48;0;0
mt_517473171;Spain - Cape Verde;Groep H;Mikel Merino;Spain;M;1;1;0;0;1;1;1;1;0;19;0;0;0.1;0;0
mt_517473171;Spain - Cape Verde;Groep H;Dani Olmo;Spain;M;0;0;0;0;0;0;0;0;0;9;0;0;0;0;0
mt_517473171;Spain - Cape Verde;Groep H;Lamine Yamal;Spain;F;2;0;0;0;2;0;0;1;0;19;0;0;0.04;0;0
mt_517473171;Spain - Cape Verde;Groep H;Nico Williams;Spain;F;0;0;0;0;0;0;0;0;0;9;0;0;0;0;0
mt_153637518;Brazil - Morocco;Groep C;Ayyoub Bouaddi;Morocco;M;0;0;0;0;0;0;4;1;2;90;1;0;0;0;0
mt_153637518;Brazil - Morocco;Groep C;Issa Diop;Morocco;D;0;0;0;0;0;0;0;0;0;90;1;0;0;0;0
mt_153637518;Brazil - Morocco;Groep C;Noussair Mazraoui;Morocco;D;0;0;0;0;0;0;5;2;0;80;1;0;0;0;0
mt_153637518;Brazil - Morocco;Groep C;Ismael Saibari;Morocco;F;3;1;0;0;3;1;1;2;1;89;1;1;0.68;0;0
mt_153637518;Brazil - Morocco;Groep C;Chadi Riad;Morocco;D;0;0;0;0;0;0;0;0;0;90;1;0;0;0;0
mt_153637518;Brazil - Morocco;Groep C;Yassine Bounou;Morocco;G;0;0;0;0;0;0;0;0;0;90;1;0;0;0;0
mt_153637518;Brazil - Morocco;Groep C;Achraf Hakimi;Morocco;D;3;0;0;0;3;0;6;3;5;90;1;0;0.17;0;0
mt_153637518;Brazil - Morocco;Groep C;Neil El Aynaoui;Morocco;M;3;0;1;0;3;0;4;4;3;90;1;0;0.21;0;0
mt_153637518;Brazil - Morocco;Groep C;Azzedine Ounahi;Morocco;M;0;0;0;0;0;0;0;0;0;65;1;0;0;0;0
mt_153637518;Brazil - Morocco;Groep C;Bilal El Khannouss;Morocco;F;1;0;0;0;1;0;4;2;1;80;1;0;0.02;0;0
mt_153637518;Brazil - Morocco;Groep C;Brahim Díaz;Morocco;F;3;1;0;0;3;1;0;0;3;65;1;0;0.1;0;0
mt_153637518;Brazil - Morocco;Groep C;Anass Salah-Eddine;Morocco;D;0;0;0;0;0;0;0;0;0;10;0;0;0;0;0
mt_153637518;Brazil - Morocco;Groep C;Samir El Mourabet;Morocco;M;0;0;0;0;0;0;0;0;1;25;0;0;0;0;0
mt_153637518;Brazil - Morocco;Groep C;Chemsdine Talbi;Morocco;F;0;0;0;0;0;0;0;0;0;25;0;0;0;0;0
mt_153637518;Brazil - Morocco;Groep C;Soufiane Rahimi;Morocco;F;0;0;0;0;0;0;1;0;0;12;0;0;0;0;0
mt_153637518;Brazil - Morocco;Groep C;Ayoube Amaimouni Echghouyab;Morocco;F;1;1;0;0;1;1;1;0;0;10;0;0;0.14;0;0
mt_641919660;Qatar - Switzerland;Groep B;Breel Embolo;Switzerland;F;4;1;0;0;4;1;1;2;0;90;1;1;1.09;0;0
mt_641919660;Qatar - Switzerland;Groep B;Remo Freuler;Switzerland;M;0;0;0;0;0;0;1;2;1;89;1;0;0;0;0
mt_641919660;Qatar - Switzerland;Groep B;Michel Aebischer;Switzerland;M;1;1;0;0;1;1;0;0;1;65;1;0;0.23;0;0
mt_641919660;Qatar - Switzerland;Groep B;Granit Xhaka;Switzerland;M;2;0;0;0;2;0;0;0;0;90;1;0;0.05;0;0
mt_641919660;Qatar - Switzerland;Groep B;Rubén Vargas;Switzerland;F;3;1;0;0;3;1;1;1;4;79;1;0;0.35;0;0
mt_641919660;Qatar - Switzerland;Groep B;Gregor Kobel;Switzerland;G;0;0;0;0;0;0;0;0;0;90;1;0;0;0;0
mt_641919660;Qatar - Switzerland;Groep B;Ricardo Rodríguez;Switzerland;D;0;0;0;0;0;0;0;2;0;89;1;0;0;0;0
mt_641919660;Qatar - Switzerland;Groep B;Nico Elvedi;Switzerland;D;2;0;1;0;2;0;0;2;0;90;1;0;0.3;0;0
mt_641919660;Qatar - Switzerland;Groep B;Dan Ndoye;Switzerland;F;6;2;0;0;6;2;0;0;4;65;1;0;0.38;0;0
mt_641919660;Qatar - Switzerland;Groep B;Manuel Akanji;Switzerland;D;1;1;0;0;1;1;1;0;0;90;1;0;0.25;0;0
mt_641919660;Qatar - Switzerland;Groep B;Denis Zakaria;Switzerland;D;2;1;0;0;2;1;3;1;0;90;1;0;0.26;1;0
mt_641919660;Qatar - Switzerland;Groep B;Miro Muheim;Switzerland;D;0;0;0;0;0;0;0;0;0;9;0;0;0;0;0
mt_641919660;Qatar - Switzerland;Groep B;Johan Manzambi;Switzerland;M;2;0;0;0;2;0;0;1;0;25;0;0;0.06;0;0
mt_641919660;Qatar - Switzerland;Groep B;Ardon Jashari;Switzerland;M;1;0;0;0;1;0;0;0;0;9;0;0;0.01;0;0
mt_641919660;Qatar - Switzerland;Groep B;Fabian Rieder;Switzerland;M;1;0;0;0;1;0;0;0;0;25;0;0;0.05;0;0
mt_641919660;Qatar - Switzerland;Groep B;Zeki Amdouni;Switzerland;F;1;0;0;0;1;0;1;0;2;11;0;0;0.02;0;0
